id,user_id,course_id,enrollment_mode,is_active,weeks_since_enrollment,mooc_grade_percentage,mooc_letter_grade,mooc_is_passed,progress_percent,current_chapter,current_section,current_unit,mooc_completion_rate,overall_completion,completed_blocks,total_blocks,last_activity,days_since_last_activity,access_frequency,active_days,h5p_total_contents,h5p_completed_contents,h5p_total_score,h5p_total_max_score,h5p_overall_percentage,h5p_total_time_spent,h5p_completion_rate,video_total_videos,video_completed_videos,video_in_progress_videos,video_total_duration,video_total_watched_time,video_completion_rate,video_watch_rate,quiz_attempts,h5p_avg_score,quiz_completion_rate,forum_posts,forum_comments,forum_upvotes,discussion_threads_count,discussion_comments_count,discussion_total_interactions,discussion_questions_count,discussion_total_upvotes,relative_to_course_problem_score,relative_to_course_completion,relative_to_course_video_completion,relative_to_course_discussion,performance_percentile,is_below_course_average,is_top_performer,is_bottom_performer,updated_at,extraction_batch_id,is_passed
4666,4,course-v1:DHQG-HCM+QTH101+2026_S1,audit,1,19.0,0.0,,,0.0,,,,0.0,0.0,0,0,,999,0.0,0,0,0,0,0,0.0,0,0.0,0,0,0,0,0,0.0,0.0,0,0.0,0.0,0,0,0,0,0,0,0,0,0.0,0.0,0.0,0.0,50.0,0,0,0,2026-03-23 10:33:23,populate_20260317_102357,0
4667,5,course-v1:DHQG-HCM+QTH101+2026_S1,audit,1,23.0,0.0,,,0.0,,,,0.0,0.0,0,0,,999,0.0,0,0,0,0,0,0.0,0,0.0,0,0,0,0,0,0.0,0.0,0,0.0,0.0,0,0,0,0,0,0,0,0,0.0,0.0,0.0,0.0,50.0,0,0,0,2026-03-23 10:33:23,populate_20260317_102357,0
4668,7,course-v1:DHQG-HCM+QTH101+2026_S1,audit,1,34.0,0.0,,,0.0,,,,0.0,0.0,0,0,,999,0.0,0,0,0,0,0,0.0,0,0.0,0,0,0,0,0,0.0,0.0,0,0.0,0.0,0,0,0,0,0,0,0,0,0.0,0.0,0.0,0.0,50.0,0,0,0,2026-03-23 10:33:23,populate_20260317_102357,0
4669,9,course-v1:DHQG-HCM+QTH101+2026_S1,audit,1,27.0,0.0,,,0.0,,,,0.0,0.0,0,0,,999,0.0,0,0,0,0,0,0.0,0,0.0,0,0,0,0,0,0.0,0.0,0,0.0,0.0,0,0,0,0,0,0,0,0,0.0,0.0,0.0,0.0,50.0,0,0,0,2026-03-23 10:33:23,populate_20260317_102357,0
4670,19,course-v1:DHQG-HCM+QTH101+2026_S1,audit,1,21.0,0.0,,,0.0,,,,0.0,0.0,0,0,,999,0.0,0,0,0,0,0,0.0,0,0.0,0,0,0,0,0,0.0,0.0,0,0.0,0.0,0,0,0,0,0,0,0,0,0.0,0.0,0.0,0.0,50.0,0,0,0,2026-03-23 10:33:23,populate_20260317_102357,0
4671,22,course-v1:DHQG-HCM+QTH101+2026_S1,audit,1,16.0,0.0,,,0.0,,,,0.0,0.0,0,0,,999,0.0,0,0,0,0,0,0.0,0,0.0,0,0,0,0,0,0.0,0.0,0,0.0,0.0,0,0,0,0,0,0,0,0,0.0,0.0,0.0,0.0,50.0,0,0,0,2026-03-23 10:33:23,populate_20260317_102357,0
4672,44,course-v1:DHQG-HCM+QTH101+2026_S1,audit,1,27.0,0.0,,,0.0,,,,0.0,0.0,0,0,,999,0.0,0,0,0,0,0,0.0,0,0.0,0,0,0,0,0,0.0,0.0,0,0.0,0.0,0,0,0,0,0,0,0,0,0.0,0.0,0.0,0.0,50.0,0,0,0,2026-03-23 10:33:23,populate_20260317_102357,0
4673,99,course-v1:DHQG-HCM+QTH101+2026_S1,audit,1,19.0,0.0,,,0.0,,,,0.0,0.0,0,0,,999,0.0,0,0,0,0,0,0.0,0,0.0,0,0,0,0,0,0.0,0.0,0,0.0,0.0,0,0,0,0,0,0,0,0,0.0,0.0,0.0,0.0,50.0,0,0,0,2026-03-23 10:33:23,populate_20260317_102357,0
4674,113,course-v1:DHQG-HCM+QTH101+2026_S1,audit,1,29.0,0.0,,,0.0,,,,0.0,0.0,0,0,,999,0.0,0,0,0,0,0,0.0,0,0.0,0,0,0,0,0,0.0,0.0,0,0.0,0.0,0,0,0,0,0,0,0,0,0.0,0.0,0.0,0.0,50.0,0,0,0,2026-03-23 10:33:23,populate_20260317_102357,0
4675,114,course-v1:DHQG-HCM+QTH101+2026_S1,audit,1,29.0,0.0,,,0.0,,,,0.0,0.0,0,0,,999,0.0,0,0,0,0,0,0.0,0,0.0,0,0,0,0,0,0.0,0.0,0,0.0,0.0,0,0,0,0,0,0,0,0,0.0,0.0,0.0,0.0,50.0,0,0,0,2026-03-23 10:33:23,populate_20260317_102357,0
4676,150,course-v1:DHQG-HCM+QTH101+2026_S1,audit,1,28.0,0.0,,,0.0,,,,0.0,0.0,0,0,,999,0.0,0,0,0,0,0,0.0,0,0.0,0,0,0,0,0,0.0,0.0,0,0.0,0.0,0,0,0,0,0,0,0,0,0.0,0.0,0.0,0.0,50.0,0,0,0,2026-03-23 10:33:23,populate_20260317_102357,0
4677,165,course-v1:DHQG-HCM+QTH101+2026_S1,audit,1,27.0,0.0,,,0.0,,,,0.0,0.0,0,0,,999,0.0,0,0,0,0,0,0.0,0,0.0,0,0,0,0,0,0.0,0.0,0,0.0,0.0,0,0,0,0,0,0,0,0,0.0,0.0,0.0,0.0,50.0,0,0,0,2026-03-23 10:33:23,populate_20260317_102357,0
4678,169,course-v1:DHQG-HCM+QTH101+2026_S1,audit,1,27.0,0.0,,,0.0,,,,0.0,0.0,0,0,,999,0.0,0,0,0,0,0,0.0,0,0.0,0,0,0,0,0,0.0,0.0,0,0.0,0.0,0,0,0,0,0,0,0,0,0.0,0.0,0.0,0.0,50.0,0,0,0,2026-03-23 10:33:23,populate_20260317_102357,0
4679,230,course-v1:DHQG-HCM+QTH101+2026_S1,audit,1,27.0,0.0,,,0.0,,,,0.0,0.0,0,0,,999,0.0,0,0,0,0,0,0.0,0,0.0,0,0,0,0,0,0.0,0.0,0,0.0,0.0,0,0,0,0,0,0,0,0,0.0,0.0,0.0,0.0,50.0,0,0,0,2026-03-23 10:33:23,populate_20260317_102357,0
4680,257,course-v1:DHQG-HCM+QTH101+2026_S1,audit,1,27.0,0.0,,,0.0,,,,0.0,0.0,0,0,,999,0.0,0,0,0,0,0,0.0,0,0.0,0,0,0,0,0,0.0,0.0,0,0.0,0.0,0,0,0,0,0,0,0,0,0.0,0.0,0.0,0.0,50.0,0,0,0,2026-03-23 10:33:23,populate_20260317_102357,0
4681,396,course-v1:DHQG-HCM+QTH101+2026_S1,audit,1,27.0,0.0,,,0.0,,,,0.0,0.0,0,0,,999,0.0,0,0,0,0,0,0.0,0,0.0,0,0,0,0,0,0.0,0.0,0,0.0,0.0,0,0,0,0,0,0,0,0,0.0,0.0,0.0,0.0,50.0,0,0,0,2026-03-23 10:33:23,populate_20260317_102357,0
4682,400,course-v1:DHQG-HCM+QTH101+2026_S1,audit,1,26.0,0.0,,,0.0,,,,0.0,0.0,0,0,,999,0.0,0,0,0,0,0,0.0,0,0.0,0,0,0,0,0,0.0,0.0,0,0.0,0.0,0,0,0,0,0,0,0,0,0.0,0.0,0.0,0.0,50.0,0,0,0,2026-03-23 10:33:23,populate_20260317_102357,1
4683,539,course-v1:DHQG-HCM+QTH101+2026_S1,audit,1,27.0,0.0,,,0.0,,,,0.0,0.0,0,0,,999,0.0,0,0,0,0,0,0.0,0,0.0,0,0,0,0,0,0.0,0.0,0,0.0,0.0,0,0,0,0,0,0,0,0,0.0,0.0,0.0,0.0,50.0,0,0,0,2026-03-23 10:33:23,populate_20260317_102357,0
4684,550,course-v1:DHQG-HCM+QTH101+2026_S1,audit,1,26.0,0.0,,,0.0,,,,0.0,0.0,0,0,,999,0.0,0,0,0,0,0,0.0,0,0.0,0,0,0,0,0,0.0,0.0,0,0.0,0.0,0,0,0,0,0,0,0,0,0.0,0.0,0.0,0.0,50.0,0,0,0,2026-03-23 10:33:23,populate_20260317_102357,1
4685,558,course-v1:DHQG-HCM+QTH101+2026_S1,audit,1,24.0,0.0,,,0.0,,,,0.0,0.0,0,0,,999,0.0,0,0,0,0,0,0.0,0,0.0,0,0,0,0,0,0.0,0.0,0,0.0,0.0,0,0,0,0,0,0,0,0,0.0,0.0,0.0,0.0,50.0,0,0,0,2026-03-23 10:33:23,populate_20260317_102357,0
4686,572,course-v1:DHQG-HCM+QTH101+2026_S1,audit,1,25.0,0.0,,,0.0,,,,0.0,0.0,0,0,,999,0.0,0,0,0,0,0,0.0,0,0.0,0,0,0,0,0,0.0,0.0,0,0.0,0.0,0,0,0,0,0,0,0,0,0.0,0.0,0.0,0.0,50.0,0,0,0,2026-03-23 10:33:23,populate_20260317_102357,1
4687,622,course-v1:DHQG-HCM+QTH101+2026_S1,audit,1,27.0,0.0,,,0.0,,,,0.0,0.0,0,0,,999,0.0,0,0,0,0,0,0.0,0,0.0,0,0,0,0,0,0.0,0.0,0,0.0,0.0,0,0,0,0,0,0,0,0,0.0,0.0,0.0,0.0,50.0,0,0,0,2026-03-23 10:33:23,populate_20260317_102357,0
4688,656,course-v1:DHQG-HCM+QTH101+2026_S1,audit,1,19.0,0.0,,,0.0,,,,0.0,0.0,0,0,,999,0.0,0,0,0,0,0,0.0,0,0.0,0,0,0,0,0,0.0,0.0,0,0.0,0.0,0,0,0,0,0,0,0,0,0.0,0.0,0.0,0.0,50.0,0,0,0,2026-03-23 10:33:23,populate_20260317_102357,0
4689,711,course-v1:DHQG-HCM+QTH101+2026_S1,audit,1,26.0,0.0,,,0.0,,,,0.0,0.0,0,0,,999,0.0,0,0,0,0,0,0.0,0,0.0,0,0,0,0,0,0.0,0.0,0,0.0,0.0,0,0,0,0,0,0,0,0,0.0,0.0,0.0,0.0,50.0,0,0,0,2026-03-23 10:33:23,populate_20260317_102357,1
4690,726,course-v1:DHQG-HCM+QTH101+2026_S1,audit,1,25.0,0.0,,,0.0,,,,0.0,0.0,0,0,,999,0.0,0,0,0,0,0,0.0,0,0.0,0,0,0,0,0,0.0,0.0,0,0.0,0.0,0,0,0,0,0,0,0,0,0.0,0.0,0.0,0.0,50.0,0,0,0,2026-03-23 10:33:23,populate_20260317_102357,1
4691,745,course-v1:DHQG-HCM+QTH101+2026_S1,audit,1,27.0,0.0,,,0.0,,,,0.0,0.0,0,0,,999,0.0,0,0,0,0,0,0.0,0,0.0,0,0,0,0,0,0.0,0.0,0,0.0,0.0,0,0,0,0,0,0,0,0,0.0,0.0,0.0,0.0,50.0,0,0,0,2026-03-23 10:33:23,populate_20260317_102357,1
4692,751,course-v1:DHQG-HCM+QTH101+2026_S1,audit,1,26.0,0.0,,,0.0,,,,0.0,0.0,0,0,,999,0.0,0,0,0,0,0,0.0,0,0.0,0,0,0,0,0,0.0,0.0,0,0.0,0.0,0,0,0,0,0,0,0,0,0.0,0.0,0.0,0.0,50.0,0,0,0,2026-03-23 10:33:23,populate_20260317_102357,0
4693,777,course-v1:DHQG-HCM+QTH101+2026_S1,audit,1,27.0,0.0,,,0.0,,,,0.0,0.0,0,0,,999,0.0,0,0,0,0,0,0.0,0,0.0,0,0,0,0,0,0.0,0.0,0,0.0,0.0,0,0,0,0,0,0,0,0,0.0,0.0,0.0,0.0,50.0,0,0,0,2026-03-23 10:33:23,populate_20260317_102357,1
4694,778,course-v1:DHQG-HCM+QTH101+2026_S1,audit,1,26.0,0.0,,,0.0,,,,0.0,0.0,0,0,,999,0.0,0,0,0,0,0,0.0,0,0.0,0,0,0,0,0,0.0,0.0,0,0.0,0.0,0,0,0,0,0,0,0,0,0.0,0.0,0.0,0.0,50.0,0,0,0,2026-03-23 10:33:23,populate_20260317_102357,1
4695,779,course-v1:DHQG-HCM+QTH101+2026_S1,audit,1,27.0,0.0,,,0.0,,,,0.0,0.0,0,0,,999,0.0,0,0,0,0,0,0.0,0,0.0,0,0,0,0,0,0.0,0.0,0,0.0,0.0,0,0,0,0,0,0,0,0,0.0,0.0,0.0,0.0,50.0,0,0,0,2026-03-23 10:33:23,populate_20260317_102357,1
4696,780,course-v1:DHQG-HCM+QTH101+2026_S1,audit,1,26.0,0.0,,,0.0,,,,0.0,0.0,0,0,,999,0.0,0,0,0,0,0,0.0,0,0.0,0,0,0,0,0,0.0,0.0,0,0.0,0.0,0,0,0,0,0,0,0,0,0.0,0.0,0.0,0.0,50.0,0,0,0,2026-03-23 10:33:23,populate_20260317_102357,1
4697,781,course-v1:DHQG-HCM+QTH101+2026_S1,audit,1,27.0,0.0,,,0.0,,,,0.0,0.0,0,0,,999,0.0,0,0,0,0,0,0.0,0,0.0,0,0,0,0,0,0.0,0.0,0,0.0,0.0,0,0,0,0,0,0,0,0,0.0,0.0,0.0,0.0,50.0,0,0,0,2026-03-23 10:33:23,populate_20260317_102357,1
4698,785,course-v1:DHQG-HCM+QTH101+2026_S1,audit,1,27.0,0.0,,,0.0,,,,0.0,0.0,0,0,,999,0.0,0,0,0,0,0,0.0,0,0.0,0,0,0,0,0,0.0,0.0,0,0.0,0.0,0,0,0,0,0,0,0,0,0.0,0.0,0.0,0.0,50.0,0,0,0,2026-03-23 10:33:23,populate_20260317_102357,1
4699,787,course-v1:DHQG-HCM+QTH101+2026_S1,audit,1,27.0,0.0,,,0.0,,,,0.0,0.0,0,0,,999,0.0,0,0,0,0,0,0.0,0,0.0,0,0,0,0,0,0.0,0.0,0,0.0,0.0,0,0,0,0,0,0,0,0,0.0,0.0,0.0,0.0,50.0,0,0,0,2026-03-23 10:33:23,populate_20260317_102357,1
4700,788,course-v1:DHQG-HCM+QTH101+2026_S1,audit,1,26.0,0.0,,,0.0,,,,0.0,0.0,0,0,,999,0.0,0,0,0,0,0,0.0,0,0.0,0,0,0,0,0,0.0,0.0,0,0.0,0.0,0,0,0,0,0,0,0,0,0.0,0.0,0.0,0.0,50.0,0,0,0,2026-03-23 10:33:23,populate_20260317_102357,1
4701,789,course-v1:DHQG-HCM+QTH101+2026_S1,audit,1,27.0,0.0,,,0.0,,,,0.0,0.0,0,0,,999,0.0,0,0,0,0,0,0.0,0,0.0,0,0,0,0,0,0.0,0.0,0,0.0,0.0,0,0,0,0,0,0,0,0,0.0,0.0,0.0,0.0,50.0,0,0,0,2026-03-23 10:33:23,populate_20260317_102357,1
4702,790,course-v1:DHQG-HCM+QTH101+2026_S1,audit,1,27.0,0.0,,,0.0,,,,0.0,0.0,0,0,,999,0.0,0,0,0,0,0,0.0,0,0.0,0,0,0,0,0,0.0,0.0,0,0.0,0.0,0,0,0,0,0,0,0,0,0.0,0.0,0.0,0.0,50.0,0,0,0,2026-03-23 10:33:23,populate_20260317_102357,1
4703,791,course-v1:DHQG-HCM+QTH101+2026_S1,audit,1,27.0,0.0,,,0.0,,,,0.0,0.0,0,0,,999,0.0,0,0,0,0,0,0.0,0,0.0,0,0,0,0,0,0.0,0.0,0,0.0,0.0,0,0,0,0,0,0,0,0,0.0,0.0,0.0,0.0,50.0,0,0,0,2026-03-23 10:33:23,populate_20260317_102357,1
4704,792,course-v1:DHQG-HCM+QTH101+2026_S1,audit,1,27.0,0.0,,,0.0,,,,0.0,0.0,0,0,,999,0.0,0,0,0,0,0,0.0,0,0.0,0,0,0,0,0,0.0,0.0,0,0.0,0.0,0,0,0,0,0,0,0,0,0.0,0.0,0.0,0.0,50.0,0,0,0,2026-03-23 10:33:23,populate_20260317_102357,1
4705,793,course-v1:DHQG-HCM+QTH101+2026_S1,audit,1,27.0,0.0,,,0.0,,,,0.0,0.0,0,0,,999,0.0,0,0,0,0,0,0.0,0,0.0,0,0,0,0,0,0.0,0.0,0,0.0,0.0,0,0,0,0,0,0,0,0,0.0,0.0,0.0,0.0,50.0,0,0,0,2026-03-23 10:33:23,populate_20260317_102357,1
4706,794,course-v1:DHQG-HCM+QTH101+2026_S1,audit,1,27.0,0.0,,,0.0,,,,0.0,0.0,0,0,,999,0.0,0,0,0,0,0,0.0,0,0.0,0,0,0,0,0,0.0,0.0,0,0.0,0.0,0,0,0,0,0,0,0,0,0.0,0.0,0.0,0.0,50.0,0,0,0,2026-03-23 10:33:23,populate_20260317_102357,1
4707,795,course-v1:DHQG-HCM+QTH101+2026_S1,audit,1,27.0,0.0,,,0.0,,,,0.0,0.0,0,0,,999,0.0,0,0,0,0,0,0.0,0,0.0,0,0,0,0,0,0.0,0.0,0,0.0,0.0,0,0,0,0,0,0,0,0,0.0,0.0,0.0,0.0,50.0,0,0,0,2026-03-23 10:33:23,populate_20260317_102357,1
4708,796,course-v1:DHQG-HCM+QTH101+2026_S1,audit,1,26.0,0.0,,,0.0,,,,0.0,0.0,0,0,,999,0.0,0,0,0,0,0,0.0,0,0.0,0,0,0,0,0,0.0,0.0,0,0.0,0.0,0,0,0,0,0,0,0,0,0.0,0.0,0.0,0.0,50.0,0,0,0,2026-03-23 10:33:23,populate_20260317_102357,1
4709,798,course-v1:DHQG-HCM+QTH101+2026_S1,audit,1,27.0,0.0,,,0.0,,,,0.0,0.0,0,0,,999,0.0,0,0,0,0,0,0.0,0,0.0,0,0,0,0,0,0.0,0.0,0,0.0,0.0,0,0,0,0,0,0,0,0,0.0,0.0,0.0,0.0,50.0,0,0,0,2026-03-23 10:33:23,populate_20260317_102357,1
4710,799,course-v1:DHQG-HCM+QTH101+2026_S1,audit,1,27.0,0.0,,,0.0,,,,0.0,0.0,0,0,,999,0.0,0,0,0,0,0,0.0,0,0.0,0,0,0,0,0,0.0,0.0,0,0.0,0.0,0,0,0,0,0,0,0,0,0.0,0.0,0.0,0.0,50.0,0,0,0,2026-03-23 10:33:23,populate_20260317_102357,1
4711,800,course-v1:DHQG-HCM+QTH101+2026_S1,audit,1,27.0,0.0,,,0.0,,,,0.0,0.0,0,0,,999,0.0,0,0,0,0,0,0.0,0,0.0,0,0,0,0,0,0.0,0.0,0,0.0,0.0,0,0,0,0,0,0,0,0,0.0,0.0,0.0,0.0,50.0,0,0,0,2026-03-23 10:33:23,populate_20260317_102357,1
4712,804,course-v1:DHQG-HCM+QTH101+2026_S1,audit,1,26.0,0.0,,,0.0,,,,0.0,0.0,0,0,,999,0.0,0,0,0,0,0,0.0,0,0.0,0,0,0,0,0,0.0,0.0,0,0.0,0.0,0,0,0,0,0,0,0,0,0.0,0.0,0.0,0.0,50.0,0,0,0,2026-03-23 10:33:23,populate_20260317_102357,1
4713,806,course-v1:DHQG-HCM+QTH101+2026_S1,audit,1,27.0,0.0,,,0.0,,,,0.0,0.0,0,0,,999,0.0,0,0,0,0,0,0.0,0,0.0,0,0,0,0,0,0.0,0.0,0,0.0,0.0,0,0,0,0,0,0,0,0,0.0,0.0,0.0,0.0,50.0,0,0,0,2026-03-23 10:33:23,populate_20260317_102357,1
4714,807,course-v1:DHQG-HCM+QTH101+2026_S1,audit,1,27.0,0.0,,,0.0,,,,0.0,0.0,0,0,,999,0.0,0,0,0,0,0,0.0,0,0.0,0,0,0,0,0,0.0,0.0,0,0.0,0.0,0,0,0,0,0,0,0,0,0.0,0.0,0.0,0.0,50.0,0,0,0,2026-03-23 10:33:23,populate_20260317_102357,1
4715,816,course-v1:DHQG-HCM+QTH101+2026_S1,audit,1,27.0,0.0,,,0.0,,,,0.0,0.0,0,0,,999,0.0,0,0,0,0,0,0.0,0,0.0,0,0,0,0,0,0.0,0.0,0,0.0,0.0,0,0,0,0,0,0,0,0,0.0,0.0,0.0,0.0,50.0,0,0,0,2026-03-23 10:33:23,populate_20260317_102357,1
4716,829,course-v1:DHQG-HCM+QTH101+2026_S1,audit,1,26.0,0.0,,,0.0,,,,0.0,0.0,0,0,,999,0.0,0,0,0,0,0,0.0,0,0.0,0,0,0,0,0,0.0,0.0,0,0.0,0.0,0,0,0,0,0,0,0,0,0.0,0.0,0.0,0.0,50.0,0,0,0,2026-03-23 10:33:23,populate_20260317_102357,1
4717,847,course-v1:DHQG-HCM+QTH101+2026_S1,audit,1,26.0,0.0,,,0.0,,,,0.0,0.0,0,0,,999,0.0,0,0,0,0,0,0.0,0,0.0,0,0,0,0,0,0.0,0.0,0,0.0,0.0,0,0,0,0,0,0,0,0,0.0,0.0,0.0,0.0,50.0,0,0,0,2026-03-23 10:33:23,populate_20260317_102357,1
4718,852,course-v1:DHQG-HCM+QTH101+2026_S1,audit,1,26.0,0.0,,,0.0,,,,0.0,0.0,0,0,,999,0.0,0,0,0,0,0,0.0,0,0.0,0,0,0,0,0,0.0,0.0,0,0.0,0.0,0,0,0,0,0,0,0,0,0.0,0.0,0.0,0.0,50.0,0,0,0,2026-03-23 10:33:23,populate_20260317_102357,1
4719,853,course-v1:DHQG-HCM+QTH101+2026_S1,audit,1,26.0,0.0,,,0.0,,,,0.0,0.0,0,0,,999,0.0,0,0,0,0,0,0.0,0,0.0,0,0,0,0,0,0.0,0.0,0,0.0,0.0,0,0,0,0,0,0,0,0,0.0,0.0,0.0,0.0,50.0,0,0,0,2026-03-23 10:33:23,populate_20260317_102357,1
4720,854,course-v1:DHQG-HCM+QTH101+2026_S1,audit,1,26.0,0.0,,,0.0,,,,0.0,0.0,0,0,,999,0.0,0,0,0,0,0,0.0,0,0.0,0,0,0,0,0,0.0,0.0,0,0.0,0.0,0,0,0,0,0,0,0,0,0.0,0.0,0.0,0.0,50.0,0,0,0,2026-03-23 10:33:23,populate_20260317_102357,1
4721,857,course-v1:DHQG-HCM+QTH101+2026_S1,audit,1,26.0,0.0,,,0.0,,,,0.0,0.0,0,0,,999,0.0,0,0,0,0,0,0.0,0,0.0,0,0,0,0,0,0.0,0.0,0,0.0,0.0,0,0,0,0,0,0,0,0,0.0,0.0,0.0,0.0,50.0,0,0,0,2026-03-23 10:33:23,populate_20260317_102357,0
4722,859,course-v1:DHQG-HCM+QTH101+2026_S1,audit,1,26.0,0.0,,,0.0,,,,0.0,0.0,0,0,,999,0.0,0,0,0,0,0,0.0,0,0.0,0,0,0,0,0,0.0,0.0,0,0.0,0.0,0,0,0,0,0,0,0,0,0.0,0.0,0.0,0.0,50.0,0,0,0,2026-03-23 10:33:23,populate_20260317_102357,1
4723,862,course-v1:DHQG-HCM+QTH101+2026_S1,audit,1,26.0,0.0,,,0.0,,,,0.0,0.0,0,0,,999,0.0,0,0,0,0,0,0.0,0,0.0,0,0,0,0,0,0.0,0.0,0,0.0,0.0,0,0,0,0,0,0,0,0,0.0,0.0,0.0,0.0,50.0,0,0,0,2026-03-23 10:33:23,populate_20260317_102357,1
4724,864,course-v1:DHQG-HCM+QTH101+2026_S1,audit,1,26.0,0.0,,,0.0,,,,0.0,0.0,0,0,,999,0.0,0,0,0,0,0,0.0,0,0.0,0,0,0,0,0,0.0,0.0,0,0.0,0.0,0,0,0,0,0,0,0,0,0.0,0.0,0.0,0.0,50.0,0,0,0,2026-03-23 10:33:23,populate_20260317_102357,1
4725,866,course-v1:DHQG-HCM+QTH101+2026_S1,audit,1,26.0,0.0,,,0.0,,,,0.0,0.0,0,0,,999,0.0,0,0,0,0,0,0.0,0,0.0,0,0,0,0,0,0.0,0.0,0,0.0,0.0,0,0,0,0,0,0,0,0,0.0,0.0,0.0,0.0,50.0,0,0,0,2026-03-23 10:33:23,populate_20260317_102357,1
4726,868,course-v1:DHQG-HCM+QTH101+2026_S1,audit,1,26.0,0.0,,,0.0,,,,0.0,0.0,0,0,,999,0.0,0,0,0,0,0,0.0,0,0.0,0,0,0,0,0,0.0,0.0,0,0.0,0.0,0,0,0,0,0,0,0,0,0.0,0.0,0.0,0.0,50.0,0,0,0,2026-03-23 10:33:23,populate_20260317_102357,1
4727,870,course-v1:DHQG-HCM+QTH101+2026_S1,audit,1,26.0,0.0,,,0.0,,,,0.0,0.0,0,0,,999,0.0,0,0,0,0,0,0.0,0,0.0,0,0,0,0,0,0.0,0.0,0,0.0,0.0,0,0,0,0,0,0,0,0,0.0,0.0,0.0,0.0,50.0,0,0,0,2026-03-23 10:33:23,populate_20260317_102357,1
4728,871,course-v1:DHQG-HCM+QTH101+2026_S1,audit,1,26.0,0.0,,,0.0,,,,0.0,0.0,0,0,,999,0.0,0,0,0,0,0,0.0,0,0.0,0,0,0,0,0,0.0,0.0,0,0.0,0.0,0,0,0,0,0,0,0,0,0.0,0.0,0.0,0.0,50.0,0,0,0,2026-03-23 10:33:23,populate_20260317_102357,0
4729,872,course-v1:DHQG-HCM+QTH101+2026_S1,audit,1,26.0,0.0,,,0.0,,,,0.0,0.0,0,0,,999,0.0,0,0,0,0,0,0.0,0,0.0,0,0,0,0,0,0.0,0.0,0,0.0,0.0,0,0,0,0,0,0,0,0,0.0,0.0,0.0,0.0,50.0,0,0,0,2026-03-23 10:33:23,populate_20260317_102357,1
4730,873,course-v1:DHQG-HCM+QTH101+2026_S1,audit,1,26.0,0.0,,,0.0,,,,0.0,0.0,0,0,,999,0.0,0,0,0,0,0,0.0,0,0.0,0,0,0,0,0,0.0,0.0,0,0.0,0.0,0,0,0,0,0,0,0,0,0.0,0.0,0.0,0.0,50.0,0,0,0,2026-03-23 10:33:23,populate_20260317_102357,1
4731,874,course-v1:DHQG-HCM+QTH101+2026_S1,audit,1,26.0,0.0,,,0.0,,,,0.0,0.0,0,0,,999,0.0,0,0,0,0,0,0.0,0,0.0,0,0,0,0,0,0.0,0.0,0,0.0,0.0,0,0,0,0,0,0,0,0,0.0,0.0,0.0,0.0,50.0,0,0,0,2026-03-23 10:33:23,populate_20260317_102357,0
4732,876,course-v1:DHQG-HCM+QTH101+2026_S1,audit,1,26.0,0.0,,,0.0,,,,0.0,0.0,0,0,,999,0.0,0,0,0,0,0,0.0,0,0.0,0,0,0,0,0,0.0,0.0,0,0.0,0.0,0,0,0,0,0,0,0,0,0.0,0.0,0.0,0.0,50.0,0,0,0,2026-03-23 10:33:23,populate_20260317_102357,1
4733,877,course-v1:DHQG-HCM+QTH101+2026_S1,audit,1,26.0,0.0,,,0.0,,,,0.0,0.0,0,0,,999,0.0,0,0,0,0,0,0.0,0,0.0,0,0,0,0,0,0.0,0.0,0,0.0,0.0,0,0,0,0,0,0,0,0,0.0,0.0,0.0,0.0,50.0,0,0,0,2026-03-23 10:33:23,populate_20260317_102357,1
4734,878,course-v1:DHQG-HCM+QTH101+2026_S1,audit,1,26.0,0.0,,,0.0,,,,0.0,0.0,0,0,,999,0.0,0,0,0,0,0,0.0,0,0.0,0,0,0,0,0,0.0,0.0,0,0.0,0.0,0,0,0,0,0,0,0,0,0.0,0.0,0.0,0.0,50.0,0,0,0,2026-03-23 10:33:23,populate_20260317_102357,1
4735,880,course-v1:DHQG-HCM+QTH101+2026_S1,audit,1,26.0,0.0,,,0.0,,,,0.0,0.0,0,0,,999,0.0,0,0,0,0,0,0.0,0,0.0,0,0,0,0,0,0.0,0.0,0,0.0,0.0,0,0,0,0,0,0,0,0,0.0,0.0,0.0,0.0,50.0,0,0,0,2026-03-23 10:33:23,populate_20260317_102357,1
4736,881,course-v1:DHQG-HCM+QTH101+2026_S1,audit,1,26.0,0.0,,,0.0,,,,0.0,0.0,0,0,,999,0.0,0,0,0,0,0,0.0,0,0.0,0,0,0,0,0,0.0,0.0,0,0.0,0.0,0,0,0,0,0,0,0,0,0.0,0.0,0.0,0.0,50.0,0,0,0,2026-03-23 10:33:23,populate_20260317_102357,1
4737,882,course-v1:DHQG-HCM+QTH101+2026_S1,audit,1,26.0,0.0,,,0.0,,,,0.0,0.0,0,0,,999,0.0,0,0,0,0,0,0.0,0,0.0,0,0,0,0,0,0.0,0.0,0,0.0,0.0,0,0,0,0,0,0,0,0,0.0,0.0,0.0,0.0,50.0,0,0,0,2026-03-23 10:33:23,populate_20260317_102357,1
4738,883,course-v1:DHQG-HCM+QTH101+2026_S1,audit,1,26.0,0.0,,,0.0,,,,0.0,0.0,0,0,,999,0.0,0,0,0,0,0,0.0,0,0.0,0,0,0,0,0,0.0,0.0,0,0.0,0.0,0,0,0,0,0,0,0,0,0.0,0.0,0.0,0.0,50.0,0,0,0,2026-03-23 10:33:23,populate_20260317_102357,1
4739,886,course-v1:DHQG-HCM+QTH101+2026_S1,audit,1,26.0,0.0,,,0.0,,,,0.0,0.0,0,0,,999,0.0,0,0,0,0,0,0.0,0,0.0,0,0,0,0,0,0.0,0.0,0,0.0,0.0,0,0,0,0,0,0,0,0,0.0,0.0,0.0,0.0,50.0,0,0,0,2026-03-23 10:33:23,populate_20260317_102357,1
4740,887,course-v1:DHQG-HCM+QTH101+2026_S1,audit,1,26.0,0.0,,,0.0,,,,0.0,0.0,0,0,,999,0.0,0,0,0,0,0,0.0,0,0.0,0,0,0,0,0,0.0,0.0,0,0.0,0.0,0,0,0,0,0,0,0,0,0.0,0.0,0.0,0.0,50.0,0,0,0,2026-03-23 10:33:23,populate_20260317_102357,1
4741,889,course-v1:DHQG-HCM+QTH101+2026_S1,audit,1,26.0,0.0,,,0.0,,,,0.0,0.0,0,0,,999,0.0,0,0,0,0,0,0.0,0,0.0,0,0,0,0,0,0.0,0.0,0,0.0,0.0,0,0,0,0,0,0,0,0,0.0,0.0,0.0,0.0,50.0,0,0,0,2026-03-23 10:33:23,populate_20260317_102357,1
4742,893,course-v1:DHQG-HCM+QTH101+2026_S1,audit,1,26.0,0.0,,,0.0,,,,0.0,0.0,0,0,,999,0.0,0,0,0,0,0,0.0,0,0.0,0,0,0,0,0,0.0,0.0,0,0.0,0.0,0,0,0,0,0,0,0,0,0.0,0.0,0.0,0.0,50.0,0,0,0,2026-03-23 10:33:23,populate_20260317_102357,1
4743,897,course-v1:DHQG-HCM+QTH101+2026_S1,audit,1,26.0,0.0,,,0.0,,,,0.0,0.0,0,0,,999,0.0,0,0,0,0,0,0.0,0,0.0,0,0,0,0,0,0.0,0.0,0,0.0,0.0,0,0,0,0,0,0,0,0,0.0,0.0,0.0,0.0,50.0,0,0,0,2026-03-23 10:33:23,populate_20260317_102357,1
4744,901,course-v1:DHQG-HCM+QTH101+2026_S1,audit,1,26.0,0.0,,,0.0,,,,0.0,0.0,0,0,,999,0.0,0,0,0,0,0,0.0,0,0.0,0,0,0,0,0,0.0,0.0,0,0.0,0.0,0,0,0,0,0,0,0,0,0.0,0.0,0.0,0.0,50.0,0,0,0,2026-03-23 10:33:23,populate_20260317_102357,1
4745,912,course-v1:DHQG-HCM+QTH101+2026_S1,audit,1,26.0,0.0,,,0.0,,,,0.0,0.0,0,0,,999,0.0,0,0,0,0,0,0.0,0,0.0,0,0,0,0,0,0.0,0.0,0,0.0,0.0,0,0,0,0,0,0,0,0,0.0,0.0,0.0,0.0,50.0,0,0,0,2026-03-23 10:33:23,populate_20260317_102357,1
4746,916,course-v1:DHQG-HCM+QTH101+2026_S1,audit,1,26.0,0.0,,,0.0,,,,0.0,0.0,0,0,,999,0.0,0,0,0,0,0,0.0,0,0.0,0,0,0,0,0,0.0,0.0,0,0.0,0.0,0,0,0,0,0,0,0,0,0.0,0.0,0.0,0.0,50.0,0,0,0,2026-03-23 10:33:23,populate_20260317_102357,1
4747,917,course-v1:DHQG-HCM+QTH101+2026_S1,audit,1,26.0,0.0,,,0.0,,,,0.0,0.0,0,0,,999,0.0,0,0,0,0,0,0.0,0,0.0,0,0,0,0,0,0.0,0.0,0,0.0,0.0,0,0,0,0,0,0,0,0,0.0,0.0,0.0,0.0,50.0,0,0,0,2026-03-23 10:33:23,populate_20260317_102357,0
4748,919,course-v1:DHQG-HCM+QTH101+2026_S1,audit,1,26.0,0.0,,,0.0,,,,0.0,0.0,0,0,,999,0.0,0,0,0,0,0,0.0,0,0.0,0,0,0,0,0,0.0,0.0,0,0.0,0.0,0,0,0,0,0,0,0,0,0.0,0.0,0.0,0.0,50.0,0,0,0,2026-03-23 10:33:23,populate_20260317_102357,1
4749,924,course-v1:DHQG-HCM+QTH101+2026_S1,audit,1,26.0,0.0,,,0.0,,,,0.0,0.0,0,0,,999,0.0,0,0,0,0,0,0.0,0,0.0,0,0,0,0,0,0.0,0.0,0,0.0,0.0,0,0,0,0,0,0,0,0,0.0,0.0,0.0,0.0,50.0,0,0,0,2026-03-23 10:33:23,populate_20260317_102357,1
4750,928,course-v1:DHQG-HCM+QTH101+2026_S1,audit,1,26.0,0.0,,,0.0,,,,0.0,0.0,0,0,,999,0.0,0,0,0,0,0,0.0,0,0.0,0,0,0,0,0,0.0,0.0,0,0.0,0.0,0,0,0,0,0,0,0,0,0.0,0.0,0.0,0.0,50.0,0,0,0,2026-03-23 10:33:23,populate_20260317_102357,1
4751,930,course-v1:DHQG-HCM+QTH101+2026_S1,audit,1,26.0,0.0,,,0.0,,,,0.0,0.0,0,0,,999,0.0,0,0,0,0,0,0.0,0,0.0,0,0,0,0,0,0.0,0.0,0,0.0,0.0,0,0,0,0,0,0,0,0,0.0,0.0,0.0,0.0,50.0,0,0,0,2026-03-23 10:33:23,populate_20260317_102357,1
4752,931,course-v1:DHQG-HCM+QTH101+2026_S1,audit,1,26.0,0.0,,,0.0,,,,0.0,0.0,0,0,,999,0.0,0,0,0,0,0,0.0,0,0.0,0,0,0,0,0,0.0,0.0,0,0.0,0.0,0,0,0,0,0,0,0,0,0.0,0.0,0.0,0.0,50.0,0,0,0,2026-03-23 10:33:23,populate_20260317_102357,1
4753,932,course-v1:DHQG-HCM+QTH101+2026_S1,audit,1,26.0,0.0,,,0.0,,,,0.0,0.0,0,0,,999,0.0,0,0,0,0,0,0.0,0,0.0,0,0,0,0,0,0.0,0.0,0,0.0,0.0,0,0,0,0,0,0,0,0,0.0,0.0,0.0,0.0,50.0,0,0,0,2026-03-23 10:33:23,populate_20260317_102357,1
4754,934,course-v1:DHQG-HCM+QTH101+2026_S1,audit,1,26.0,0.0,,,0.0,,,,0.0,0.0,0,0,,999,0.0,0,0,0,0,0,0.0,0,0.0,0,0,0,0,0,0.0,0.0,0,0.0,0.0,0,0,0,0,0,0,0,0,0.0,0.0,0.0,0.0,50.0,0,0,0,2026-03-23 10:33:23,populate_20260317_102357,1
4755,936,course-v1:DHQG-HCM+QTH101+2026_S1,audit,1,26.0,0.0,,,0.0,,,,0.0,0.0,0,0,,999,0.0,0,0,0,0,0,0.0,0,0.0,0,0,0,0,0,0.0,0.0,0,0.0,0.0,0,0,0,0,0,0,0,0,0.0,0.0,0.0,0.0,50.0,0,0,0,2026-03-23 10:33:23,populate_20260317_102357,0
4756,938,course-v1:DHQG-HCM+QTH101+2026_S1,audit,1,26.0,0.0,,,0.0,,,,0.0,0.0,0,0,,999,0.0,0,0,0,0,0,0.0,0,0.0,0,0,0,0,0,0.0,0.0,0,0.0,0.0,0,0,0,0,0,0,0,0,0.0,0.0,0.0,0.0,50.0,0,0,0,2026-03-23 10:33:23,populate_20260317_102357,1
4757,941,course-v1:DHQG-HCM+QTH101+2026_S1,audit,1,26.0,0.0,,,0.0,,,,0.0,0.0,0,0,,999,0.0,0,0,0,0,0,0.0,0,0.0,0,0,0,0,0,0.0,0.0,0,0.0,0.0,0,0,0,0,0,0,0,0,0.0,0.0,0.0,0.0,50.0,0,0,0,2026-03-23 10:33:23,populate_20260317_102357,1
4758,944,course-v1:DHQG-HCM+QTH101+2026_S1,audit,1,26.0,0.0,,,0.0,,,,0.0,0.0,0,0,,999,0.0,0,0,0,0,0,0.0,0,0.0,0,0,0,0,0,0.0,0.0,0,0.0,0.0,0,0,0,0,0,0,0,0,0.0,0.0,0.0,0.0,50.0,0,0,0,2026-03-23 10:33:23,populate_20260317_102357,1
4759,945,course-v1:DHQG-HCM+QTH101+2026_S1,audit,1,26.0,0.0,,,0.0,,,,0.0,0.0,0,0,,999,0.0,0,0,0,0,0,0.0,0,0.0,0,0,0,0,0,0.0,0.0,0,0.0,0.0,0,0,0,0,0,0,0,0,0.0,0.0,0.0,0.0,50.0,0,0,0,2026-03-23 10:33:23,populate_20260317_102357,1
4760,946,course-v1:DHQG-HCM+QTH101+2026_S1,audit,1,15.0,0.0,,,0.0,,,,0.0,0.0,0,0,,999,0.0,0,0,0,0,0,0.0,0,0.0,0,0,0,0,0,0.0,0.0,0,0.0,0.0,0,0,0,0,0,0,0,0,0.0,0.0,0.0,0.0,50.0,0,0,0,2026-03-23 10:33:23,populate_20260317_102357,0
4761,947,course-v1:DHQG-HCM+QTH101+2026_S1,audit,1,26.0,0.0,,,0.0,,,,0.0,0.0,0,0,,999,0.0,0,0,0,0,0,0.0,0,0.0,0,0,0,0,0,0.0,0.0,0,0.0,0.0,0,0,0,0,0,0,0,0,0.0,0.0,0.0,0.0,50.0,0,0,0,2026-03-23 10:33:23,populate_20260317_102357,1
4762,953,course-v1:DHQG-HCM+QTH101+2026_S1,audit,1,25.0,0.0,,,0.0,,,,0.0,0.0,0,0,,999,0.0,0,0,0,0,0,0.0,0,0.0,0,0,0,0,0,0.0,0.0,0,0.0,0.0,0,0,0,0,0,0,0,0,0.0,0.0,0.0,0.0,50.0,0,0,0,2026-03-23 10:33:23,populate_20260317_102357,1
4763,954,course-v1:DHQG-HCM+QTH101+2026_S1,audit,1,26.0,0.0,,,0.0,,,,0.0,0.0,0,0,,999,0.0,0,0,0,0,0,0.0,0,0.0,0,0,0,0,0,0.0,0.0,0,0.0,0.0,0,0,0,0,0,0,0,0,0.0,0.0,0.0,0.0,50.0,0,0,0,2026-03-23 10:33:23,populate_20260317_102357,1
4764,956,course-v1:DHQG-HCM+QTH101+2026_S1,audit,1,26.0,0.0,,,0.0,,,,0.0,0.0,0,0,,999,0.0,0,0,0,0,0,0.0,0,0.0,0,0,0,0,0,0.0,0.0,0,0.0,0.0,0,0,0,0,0,0,0,0,0.0,0.0,0.0,0.0,50.0,0,0,0,2026-03-23 10:33:23,populate_20260317_102357,1
4765,960,course-v1:DHQG-HCM+QTH101+2026_S1,audit,1,24.0,0.0,,,0.0,,,,0.0,0.0,0,0,,999,0.0,0,0,0,0,0,0.0,0,0.0,0,0,0,0,0,0.0,0.0,0,0.0,0.0,0,0,0,0,0,0,0,0,0.0,0.0,0.0,0.0,50.0,0,0,0,2026-03-23 10:33:23,populate_20260317_102357,1
4766,961,course-v1:DHQG-HCM+QTH101+2026_S1,audit,1,26.0,0.0,,,0.0,,,,0.0,0.0,0,0,,999,0.0,0,0,0,0,0,0.0,0,0.0,0,0,0,0,0,0.0,0.0,0,0.0,0.0,0,0,0,0,0,0,0,0,0.0,0.0,0.0,0.0,50.0,0,0,0,2026-03-23 10:33:23,populate_20260317_102357,1
4767,966,course-v1:DHQG-HCM+QTH101+2026_S1,audit,1,23.0,0.0,,,0.0,,,,0.0,0.0,0,0,,999,0.0,0,0,0,0,0,0.0,0,0.0,0,0,0,0,0,0.0,0.0,0,0.0,0.0,0,0,0,0,0,0,0,0,0.0,0.0,0.0,0.0,50.0,0,0,0,2026-03-23 10:33:23,populate_20260317_102357,0
4768,967,course-v1:DHQG-HCM+QTH101+2026_S1,audit,1,15.0,0.0,,,0.0,,,,0.0,0.0,0,0,,999,0.0,0,0,0,0,0,0.0,0,0.0,0,0,0,0,0,0.0,0.0,0,0.0,0.0,0,0,0,0,0,0,0,0,0.0,0.0,0.0,0.0,50.0,0,0,0,2026-03-23 10:33:23,populate_20260317_102357,0
4769,968,course-v1:DHQG-HCM+QTH101+2026_S1,audit,1,23.0,0.0,,,0.0,,,,0.0,0.0,0,0,,999,0.0,0,0,0,0,0,0.0,0,0.0,0,0,0,0,0,0.0,0.0,0,0.0,0.0,0,0,0,0,0,0,0,0,0.0,0.0,0.0,0.0,50.0,0,0,0,2026-03-23 10:33:23,populate_20260317_102357,0
4770,969,course-v1:DHQG-HCM+QTH101+2026_S1,audit,1,26.0,0.0,,,0.0,,,,0.0,0.0,0,0,,999,0.0,0,0,0,0,0,0.0,0,0.0,0,0,0,0,0,0.0,0.0,0,0.0,0.0,0,0,0,0,0,0,0,0,0.0,0.0,0.0,0.0,50.0,0,0,0,2026-03-23 10:33:23,populate_20260317_102357,1
4771,972,course-v1:DHQG-HCM+QTH101+2026_S1,audit,1,16.0,0.0,,,0.0,,,,0.0,0.0,0,0,,999,0.0,0,0,0,0,0,0.0,0,0.0,0,0,0,0,0,0.0,0.0,0,0.0,0.0,0,0,0,0,0,0,0,0,0.0,0.0,0.0,0.0,50.0,0,0,0,2026-03-23 10:33:23,populate_20260317_102357,1
4772,973,course-v1:DHQG-HCM+QTH101+2026_S1,audit,1,26.0,0.0,,,0.0,,,,0.0,0.0,0,0,,999,0.0,0,0,0,0,0,0.0,0,0.0,0,0,0,0,0,0.0,0.0,0,0.0,0.0,0,0,0,0,0,0,0,0,0.0,0.0,0.0,0.0,50.0,0,0,0,2026-03-23 10:33:23,populate_20260317_102357,0
4773,976,course-v1:DHQG-HCM+QTH101+2026_S1,audit,1,26.0,0.0,,,0.0,,,,0.0,0.0,0,0,,999,0.0,0,0,0,0,0,0.0,0,0.0,0,0,0,0,0,0.0,0.0,0,0.0,0.0,0,0,0,0,0,0,0,0,0.0,0.0,0.0,0.0,50.0,0,0,0,2026-03-23 10:33:23,populate_20260317_102357,1
4774,977,course-v1:DHQG-HCM+QTH101+2026_S1,audit,1,26.0,0.0,,,0.0,,,,0.0,0.0,0,0,,999,0.0,0,0,0,0,0,0.0,0,0.0,0,0,0,0,0,0.0,0.0,0,0.0,0.0,0,0,0,0,0,0,0,0,0.0,0.0,0.0,0.0,50.0,0,0,0,2026-03-23 10:33:23,populate_20260317_102357,1
4775,979,course-v1:DHQG-HCM+QTH101+2026_S1,audit,1,26.0,0.0,,,0.0,,,,0.0,0.0,0,0,,999,0.0,0,0,0,0,0,0.0,0,0.0,0,0,0,0,0,0.0,0.0,0,0.0,0.0,0,0,0,0,0,0,0,0,0.0,0.0,0.0,0.0,50.0,0,0,0,2026-03-23 10:33:23,populate_20260317_102357,1
4776,980,course-v1:DHQG-HCM+QTH101+2026_S1,audit,1,26.0,0.0,,,0.0,,,,0.0,0.0,0,0,,999,0.0,0,0,0,0,0,0.0,0,0.0,0,0,0,0,0,0.0,0.0,0,0.0,0.0,0,0,0,0,0,0,0,0,0.0,0.0,0.0,0.0,50.0,0,0,0,2026-03-23 10:33:23,populate_20260317_102357,1
4777,982,course-v1:DHQG-HCM+QTH101+2026_S1,audit,1,26.0,0.0,,,0.0,,,,0.0,0.0,0,0,,999,0.0,0,0,0,0,0,0.0,0,0.0,0,0,0,0,0,0.0,0.0,0,0.0,0.0,0,0,0,0,0,0,0,0,0.0,0.0,0.0,0.0,50.0,0,0,0,2026-03-23 10:33:23,populate_20260317_102357,1
4778,983,course-v1:DHQG-HCM+QTH101+2026_S1,audit,1,26.0,0.0,,,0.0,,,,0.0,0.0,0,0,,999,0.0,0,0,0,0,0,0.0,0,0.0,0,0,0,0,0,0.0,0.0,0,0.0,0.0,0,0,0,0,0,0,0,0,0.0,0.0,0.0,0.0,50.0,0,0,0,2026-03-23 10:33:23,populate_20260317_102357,1
4779,986,course-v1:DHQG-HCM+QTH101+2026_S1,audit,1,26.0,0.0,,,0.0,,,,0.0,0.0,0,0,,999,0.0,0,0,0,0,0,0.0,0,0.0,0,0,0,0,0,0.0,0.0,0,0.0,0.0,0,0,0,0,0,0,0,0,0.0,0.0,0.0,0.0,50.0,0,0,0,2026-03-23 10:33:23,populate_20260317_102357,1
4780,988,course-v1:DHQG-HCM+QTH101+2026_S1,audit,1,26.0,0.0,,,0.0,,,,0.0,0.0,0,0,,999,0.0,0,0,0,0,0,0.0,0,0.0,0,0,0,0,0,0.0,0.0,0,0.0,0.0,0,0,0,0,0,0,0,0,0.0,0.0,0.0,0.0,50.0,0,0,0,2026-03-23 10:33:23,populate_20260317_102357,1
4781,998,course-v1:DHQG-HCM+QTH101+2026_S1,audit,1,26.0,0.0,,,0.0,,,,0.0,0.0,0,0,,999,0.0,0,0,0,0,0,0.0,0,0.0,0,0,0,0,0,0.0,0.0,0,0.0,0.0,0,0,0,0,0,0,0,0,0.0,0.0,0.0,0.0,50.0,0,0,0,2026-03-23 10:33:23,populate_20260317_102357,1
4782,999,course-v1:DHQG-HCM+QTH101+2026_S1,audit,1,26.0,0.0,,,0.0,,,,0.0,0.0,0,0,,999,0.0,0,0,0,0,0,0.0,0,0.0,0,0,0,0,0,0.0,0.0,0,0.0,0.0,0,0,0,0,0,0,0,0,0.0,0.0,0.0,0.0,50.0,0,0,0,2026-03-23 10:33:23,populate_20260317_102357,1
4783,1001,course-v1:DHQG-HCM+QTH101+2026_S1,audit,1,26.0,0.0,,,0.0,,,,0.0,0.0,0,0,,999,0.0,0,0,0,0,0,0.0,0,0.0,0,0,0,0,0,0.0,0.0,0,0.0,0.0,0,0,0,0,0,0,0,0,0.0,0.0,0.0,0.0,50.0,0,0,0,2026-03-23 10:33:23,populate_20260317_102357,1
4784,1002,course-v1:DHQG-HCM+QTH101+2026_S1,audit,1,26.0,0.0,,,0.0,,,,0.0,0.0,0,0,,999,0.0,0,0,0,0,0,0.0,0,0.0,0,0,0,0,0,0.0,0.0,0,0.0,0.0,0,0,0,0,0,0,0,0,0.0,0.0,0.0,0.0,50.0,0,0,0,2026-03-23 10:33:23,populate_20260317_102357,1
4785,1011,course-v1:DHQG-HCM+QTH101+2026_S1,audit,1,26.0,0.0,,,0.0,,,,0.0,0.0,0,0,,999,0.0,0,0,0,0,0,0.0,0,0.0,0,0,0,0,0,0.0,0.0,0,0.0,0.0,0,0,0,0,0,0,0,0,0.0,0.0,0.0,0.0,50.0,0,0,0,2026-03-23 10:33:23,populate_20260317_102357,1
4786,1012,course-v1:DHQG-HCM+QTH101+2026_S1,audit,1,26.0,0.0,,,0.0,,,,0.0,0.0,0,0,,999,0.0,0,0,0,0,0,0.0,0,0.0,0,0,0,0,0,0.0,0.0,0,0.0,0.0,0,0,0,0,0,0,0,0,0.0,0.0,0.0,0.0,50.0,0,0,0,2026-03-23 10:33:23,populate_20260317_102357,1
4787,1016,course-v1:DHQG-HCM+QTH101+2026_S1,audit,1,26.0,0.0,,,0.0,,,,0.0,0.0,0,0,,999,0.0,0,0,0,0,0,0.0,0,0.0,0,0,0,0,0,0.0,0.0,0,0.0,0.0,0,0,0,0,0,0,0,0,0.0,0.0,0.0,0.0,50.0,0,0,0,2026-03-23 10:33:23,populate_20260317_102357,1
4788,1021,course-v1:DHQG-HCM+QTH101+2026_S1,audit,1,26.0,0.0,,,0.0,,,,0.0,0.0,0,0,,999,0.0,0,0,0,0,0,0.0,0,0.0,0,0,0,0,0,0.0,0.0,0,0.0,0.0,0,0,0,0,0,0,0,0,0.0,0.0,0.0,0.0,50.0,0,0,0,2026-03-23 10:33:23,populate_20260317_102357,1
4789,1023,course-v1:DHQG-HCM+QTH101+2026_S1,audit,1,24.0,0.0,,,0.0,,,,0.0,0.0,0,0,,999,0.0,0,0,0,0,0,0.0,0,0.0,0,0,0,0,0,0.0,0.0,0,0.0,0.0,0,0,0,0,0,0,0,0,0.0,0.0,0.0,0.0,50.0,0,0,0,2026-03-23 10:33:23,populate_20260317_102357,1
4790,1027,course-v1:DHQG-HCM+QTH101+2026_S1,audit,1,25.0,0.0,,,0.0,,,,0.0,0.0,0,0,,999,0.0,0,0,0,0,0,0.0,0,0.0,0,0,0,0,0,0.0,0.0,0,0.0,0.0,0,0,0,0,0,0,0,0,0.0,0.0,0.0,0.0,50.0,0,0,0,2026-03-23 10:33:23,populate_20260317_102357,1
4791,1028,course-v1:DHQG-HCM+QTH101+2026_S1,audit,1,26.0,0.0,,,0.0,,,,0.0,0.0,0,0,,999,0.0,0,0,0,0,0,0.0,0,0.0,0,0,0,0,0,0.0,0.0,0,0.0,0.0,0,0,0,0,0,0,0,0,0.0,0.0,0.0,0.0,50.0,0,0,0,2026-03-23 10:33:23,populate_20260317_102357,0
4792,1029,course-v1:DHQG-HCM+QTH101+2026_S1,audit,1,26.0,0.0,,,0.0,,,,0.0,0.0,0,0,,999,0.0,0,0,0,0,0,0.0,0,0.0,0,0,0,0,0,0.0,0.0,0,0.0,0.0,0,0,0,0,0,0,0,0,0.0,0.0,0.0,0.0,50.0,0,0,0,2026-03-23 10:33:23,populate_20260317_102357,1
4793,1030,course-v1:DHQG-HCM+QTH101+2026_S1,audit,1,26.0,0.0,,,0.0,,,,0.0,0.0,0,0,,999,0.0,0,0,0,0,0,0.0,0,0.0,0,0,0,0,0,0.0,0.0,0,0.0,0.0,0,0,0,0,0,0,0,0,0.0,0.0,0.0,0.0,50.0,0,0,0,2026-03-23 10:33:23,populate_20260317_102357,1
4794,1033,course-v1:DHQG-HCM+QTH101+2026_S1,audit,1,26.0,0.0,,,0.0,,,,0.0,0.0,0,0,,999,0.0,0,0,0,0,0,0.0,0,0.0,0,0,0,0,0,0.0,0.0,0,0.0,0.0,0,0,0,0,0,0,0,0,0.0,0.0,0.0,0.0,50.0,0,0,0,2026-03-23 10:33:23,populate_20260317_102357,1
4795,1035,course-v1:DHQG-HCM+QTH101+2026_S1,audit,1,26.0,0.0,,,0.0,,,,0.0,0.0,0,0,,999,0.0,0,0,0,0,0,0.0,0,0.0,0,0,0,0,0,0.0,0.0,0,0.0,0.0,0,0,0,0,0,0,0,0,0.0,0.0,0.0,0.0,50.0,0,0,0,2026-03-23 10:33:23,populate_20260317_102357,0
4796,1040,course-v1:DHQG-HCM+QTH101+2026_S1,audit,1,26.0,0.0,,,0.0,,,,0.0,0.0,0,0,,999,0.0,0,0,0,0,0,0.0,0,0.0,0,0,0,0,0,0.0,0.0,0,0.0,0.0,0,0,0,0,0,0,0,0,0.0,0.0,0.0,0.0,50.0,0,0,0,2026-03-23 10:33:23,populate_20260317_102357,1
4797,1041,course-v1:DHQG-HCM+QTH101+2026_S1,audit,1,25.0,0.0,,,0.0,,,,0.0,0.0,0,0,,999,0.0,0,0,0,0,0,0.0,0,0.0,0,0,0,0,0,0.0,0.0,0,0.0,0.0,0,0,0,0,0,0,0,0,0.0,0.0,0.0,0.0,50.0,0,0,0,2026-03-23 10:33:23,populate_20260317_102357,1
4798,1042,course-v1:DHQG-HCM+QTH101+2026_S1,audit,1,26.0,0.0,,,0.0,,,,0.0,0.0,0,0,,999,0.0,0,0,0,0,0,0.0,0,0.0,0,0,0,0,0,0.0,0.0,0,0.0,0.0,0,0,0,0,0,0,0,0,0.0,0.0,0.0,0.0,50.0,0,0,0,2026-03-23 10:33:23,populate_20260317_102357,1
4799,1045,course-v1:DHQG-HCM+QTH101+2026_S1,audit,1,26.0,0.0,,,0.0,,,,0.0,0.0,0,0,,999,0.0,0,0,0,0,0,0.0,0,0.0,0,0,0,0,0,0.0,0.0,0,0.0,0.0,0,0,0,0,0,0,0,0,0.0,0.0,0.0,0.0,50.0,0,0,0,2026-03-23 10:33:23,populate_20260317_102357,1
4800,1046,course-v1:DHQG-HCM+QTH101+2026_S1,audit,1,26.0,0.0,,,0.0,,,,0.0,0.0,0,0,,999,0.0,0,0,0,0,0,0.0,0,0.0,0,0,0,0,0,0.0,0.0,0,0.0,0.0,0,0,0,0,0,0,0,0,0.0,0.0,0.0,0.0,50.0,0,0,0,2026-03-23 10:33:23,populate_20260317_102357,1
4801,1047,course-v1:DHQG-HCM+QTH101+2026_S1,audit,1,26.0,0.0,,,0.0,,,,0.0,0.0,0,0,,999,0.0,0,0,0,0,0,0.0,0,0.0,0,0,0,0,0,0.0,0.0,0,0.0,0.0,0,0,0,0,0,0,0,0,0.0,0.0,0.0,0.0,50.0,0,0,0,2026-03-23 10:33:23,populate_20260317_102357,0
4802,1049,course-v1:DHQG-HCM+QTH101+2026_S1,audit,1,26.0,0.0,,,0.0,,,,0.0,0.0,0,0,,999,0.0,0,0,0,0,0,0.0,0,0.0,0,0,0,0,0,0.0,0.0,0,0.0,0.0,0,0,0,0,0,0,0,0,0.0,0.0,0.0,0.0,50.0,0,0,0,2026-03-23 10:33:23,populate_20260317_102357,1
4803,1050,course-v1:DHQG-HCM+QTH101+2026_S1,audit,1,26.0,0.0,,,0.0,,,,0.0,0.0,0,0,,999,0.0,0,0,0,0,0,0.0,0,0.0,0,0,0,0,0,0.0,0.0,0,0.0,0.0,0,0,0,0,0,0,0,0,0.0,0.0,0.0,0.0,50.0,0,0,0,2026-03-23 10:33:23,populate_20260317_102357,1
4804,1051,course-v1:DHQG-HCM+QTH101+2026_S1,audit,1,26.0,0.0,,,0.0,,,,0.0,0.0,0,0,,999,0.0,0,0,0,0,0,0.0,0,0.0,0,0,0,0,0,0.0,0.0,0,0.0,0.0,0,0,0,0,0,0,0,0,0.0,0.0,0.0,0.0,50.0,0,0,0,2026-03-23 10:33:23,populate_20260317_102357,1
4805,1052,course-v1:DHQG-HCM+QTH101+2026_S1,audit,1,24.0,0.0,,,0.0,,,,0.0,0.0,0,0,,999,0.0,0,0,0,0,0,0.0,0,0.0,0,0,0,0,0,0.0,0.0,0,0.0,0.0,0,0,0,0,0,0,0,0,0.0,0.0,0.0,0.0,50.0,0,0,0,2026-03-23 10:33:23,populate_20260317_102357,1
4806,1053,course-v1:DHQG-HCM+QTH101+2026_S1,audit,1,26.0,0.0,,,0.0,,,,0.0,0.0,0,0,,999,0.0,0,0,0,0,0,0.0,0,0.0,0,0,0,0,0,0.0,0.0,0,0.0,0.0,0,0,0,0,0,0,0,0,0.0,0.0,0.0,0.0,50.0,0,0,0,2026-03-23 10:33:23,populate_20260317_102357,1
4807,1056,course-v1:DHQG-HCM+QTH101+2026_S1,audit,1,26.0,0.0,,,0.0,,,,0.0,0.0,0,0,,999,0.0,0,0,0,0,0,0.0,0,0.0,0,0,0,0,0,0.0,0.0,0,0.0,0.0,0,0,0,0,0,0,0,0,0.0,0.0,0.0,0.0,50.0,0,0,0,2026-03-23 10:33:23,populate_20260317_102357,1
4808,1058,course-v1:DHQG-HCM+QTH101+2026_S1,audit,1,25.0,0.0,,,0.0,,,,0.0,0.0,0,0,,999,0.0,0,0,0,0,0,0.0,0,0.0,0,0,0,0,0,0.0,0.0,0,0.0,0.0,0,0,0,0,0,0,0,0,0.0,0.0,0.0,0.0,50.0,0,0,0,2026-03-23 10:33:23,populate_20260317_102357,1
4809,1062,course-v1:DHQG-HCM+QTH101+2026_S1,audit,1,26.0,0.0,,,0.0,,,,0.0,0.0,0,0,,999,0.0,0,0,0,0,0,0.0,0,0.0,0,0,0,0,0,0.0,0.0,0,0.0,0.0,0,0,0,0,0,0,0,0,0.0,0.0,0.0,0.0,50.0,0,0,0,2026-03-23 10:33:23,populate_20260317_102357,1
4810,1066,course-v1:DHQG-HCM+QTH101+2026_S1,audit,1,25.0,0.0,,,0.0,,,,0.0,0.0,0,0,,999,0.0,0,0,0,0,0,0.0,0,0.0,0,0,0,0,0,0.0,0.0,0,0.0,0.0,0,0,0,0,0,0,0,0,0.0,0.0,0.0,0.0,50.0,0,0,0,2026-03-23 10:33:23,populate_20260317_102357,1
4811,1306,course-v1:DHQG-HCM+QTH101+2026_S1,audit,1,25.0,0.0,,,0.0,,,,0.0,0.0,0,0,,999,0.0,0,0,0,0,0,0.0,0,0.0,0,0,0,0,0,0.0,0.0,0,0.0,0.0,0,0,0,0,0,0,0,0,0.0,0.0,0.0,0.0,50.0,0,0,0,2026-03-23 10:33:23,populate_20260317_102357,1
4812,1309,course-v1:DHQG-HCM+QTH101+2026_S1,audit,1,25.0,0.0,,,0.0,,,,0.0,0.0,0,0,,999,0.0,0,0,0,0,0,0.0,0,0.0,0,0,0,0,0,0.0,0.0,0,0.0,0.0,0,0,0,0,0,0,0,0,0.0,0.0,0.0,0.0,50.0,0,0,0,2026-03-23 10:33:23,populate_20260317_102357,1
4813,1313,course-v1:DHQG-HCM+QTH101+2026_S1,audit,1,25.0,0.0,,,0.0,,,,0.0,0.0,0,0,,999,0.0,0,0,0,0,0,0.0,0,0.0,0,0,0,0,0,0.0,0.0,0,0.0,0.0,0,0,0,0,0,0,0,0,0.0,0.0,0.0,0.0,50.0,0,0,0,2026-03-23 10:33:23,populate_20260317_102357,1
4814,1314,course-v1:DHQG-HCM+QTH101+2026_S1,audit,1,25.0,0.0,,,0.0,,,,0.0,0.0,0,0,,999,0.0,0,0,0,0,0,0.0,0,0.0,0,0,0,0,0,0.0,0.0,0,0.0,0.0,0,0,0,0,0,0,0,0,0.0,0.0,0.0,0.0,50.0,0,0,0,2026-03-23 10:33:23,populate_20260317_102357,1
4815,1315,course-v1:DHQG-HCM+QTH101+2026_S1,audit,1,25.0,0.0,,,0.0,,,,0.0,0.0,0,0,,999,0.0,0,0,0,0,0,0.0,0,0.0,0,0,0,0,0,0.0,0.0,0,0.0,0.0,0,0,0,0,0,0,0,0,0.0,0.0,0.0,0.0,50.0,0,0,0,2026-03-23 10:33:23,populate_20260317_102357,1
4816,1316,course-v1:DHQG-HCM+QTH101+2026_S1,audit,1,25.0,0.0,,,0.0,,,,0.0,0.0,0,0,,999,0.0,0,0,0,0,0,0.0,0,0.0,0,0,0,0,0,0.0,0.0,0,0.0,0.0,0,0,0,0,0,0,0,0,0.0,0.0,0.0,0.0,50.0,0,0,0,2026-03-23 10:33:23,populate_20260317_102357,1
4817,1317,course-v1:DHQG-HCM+QTH101+2026_S1,audit,1,25.0,0.0,,,0.0,,,,0.0,0.0,0,0,,999,0.0,0,0,0,0,0,0.0,0,0.0,0,0,0,0,0,0.0,0.0,0,0.0,0.0,0,0,0,0,0,0,0,0,0.0,0.0,0.0,0.0,50.0,0,0,0,2026-03-23 10:33:23,populate_20260317_102357,1
4818,1318,course-v1:DHQG-HCM+QTH101+2026_S1,audit,1,25.0,0.0,,,0.0,,,,0.0,0.0,0,0,,999,0.0,0,0,0,0,0,0.0,0,0.0,0,0,0,0,0,0.0,0.0,0,0.0,0.0,0,0,0,0,0,0,0,0,0.0,0.0,0.0,0.0,50.0,0,0,0,2026-03-23 10:33:23,populate_20260317_102357,1
4819,1328,course-v1:DHQG-HCM+QTH101+2026_S1,audit,1,25.0,0.0,,,0.0,,,,0.0,0.0,0,0,,999,0.0,0,0,0,0,0,0.0,0,0.0,0,0,0,0,0,0.0,0.0,0,0.0,0.0,0,0,0,0,0,0,0,0,0.0,0.0,0.0,0.0,50.0,0,0,0,2026-03-23 10:33:23,populate_20260317_102357,1
4820,1329,course-v1:DHQG-HCM+QTH101+2026_S1,audit,1,25.0,0.0,,,0.0,,,,0.0,0.0,0,0,,999,0.0,0,0,0,0,0,0.0,0,0.0,0,0,0,0,0,0.0,0.0,0,0.0,0.0,0,0,0,0,0,0,0,0,0.0,0.0,0.0,0.0,50.0,0,0,0,2026-03-23 10:33:23,populate_20260317_102357,1
4821,1330,course-v1:DHQG-HCM+QTH101+2026_S1,audit,1,25.0,0.0,,,0.0,,,,0.0,0.0,0,0,,999,0.0,0,0,0,0,0,0.0,0,0.0,0,0,0,0,0,0.0,0.0,0,0.0,0.0,0,0,0,0,0,0,0,0,0.0,0.0,0.0,0.0,50.0,0,0,0,2026-03-23 10:33:23,populate_20260317_102357,1
4822,1334,course-v1:DHQG-HCM+QTH101+2026_S1,audit,1,25.0,0.0,,,0.0,,,,0.0,0.0,0,0,,999,0.0,0,0,0,0,0,0.0,0,0.0,0,0,0,0,0,0.0,0.0,0,0.0,0.0,0,0,0,0,0,0,0,0,0.0,0.0,0.0,0.0,50.0,0,0,0,2026-03-23 10:33:23,populate_20260317_102357,1
4823,1337,course-v1:DHQG-HCM+QTH101+2026_S1,audit,1,25.0,0.0,,,0.0,,,,0.0,0.0,0,0,,999,0.0,0,0,0,0,0,0.0,0,0.0,0,0,0,0,0,0.0,0.0,0,0.0,0.0,0,0,0,0,0,0,0,0,0.0,0.0,0.0,0.0,50.0,0,0,0,2026-03-23 10:33:23,populate_20260317_102357,1
4824,1340,course-v1:DHQG-HCM+QTH101+2026_S1,audit,1,25.0,0.0,,,0.0,,,,0.0,0.0,0,0,,999,0.0,0,0,0,0,0,0.0,0,0.0,0,0,0,0,0,0.0,0.0,0,0.0,0.0,0,0,0,0,0,0,0,0,0.0,0.0,0.0,0.0,50.0,0,0,0,2026-03-23 10:33:23,populate_20260317_102357,1
4825,1342,course-v1:DHQG-HCM+QTH101+2026_S1,audit,1,25.0,0.0,,,0.0,,,,0.0,0.0,0,0,,999,0.0,0,0,0,0,0,0.0,0,0.0,0,0,0,0,0,0.0,0.0,0,0.0,0.0,0,0,0,0,0,0,0,0,0.0,0.0,0.0,0.0,50.0,0,0,0,2026-03-23 10:33:23,populate_20260317_102357,1
4826,1344,course-v1:DHQG-HCM+QTH101+2026_S1,audit,1,25.0,0.0,,,0.0,,,,0.0,0.0,0,0,,999,0.0,0,0,0,0,0,0.0,0,0.0,0,0,0,0,0,0.0,0.0,0,0.0,0.0,0,0,0,0,0,0,0,0,0.0,0.0,0.0,0.0,50.0,0,0,0,2026-03-23 10:33:23,populate_20260317_102357,1
4827,1346,course-v1:DHQG-HCM+QTH101+2026_S1,audit,1,25.0,0.0,,,0.0,,,,0.0,0.0,0,0,,999,0.0,0,0,0,0,0,0.0,0,0.0,0,0,0,0,0,0.0,0.0,0,0.0,0.0,0,0,0,0,0,0,0,0,0.0,0.0,0.0,0.0,50.0,0,0,0,2026-03-23 10:33:23,populate_20260317_102357,1
4828,1354,course-v1:DHQG-HCM+QTH101+2026_S1,audit,1,25.0,0.0,,,0.0,,,,0.0,0.0,0,0,,999,0.0,0,0,0,0,0,0.0,0,0.0,0,0,0,0,0,0.0,0.0,0,0.0,0.0,0,0,0,0,0,0,0,0,0.0,0.0,0.0,0.0,50.0,0,0,0,2026-03-23 10:33:23,populate_20260317_102357,0
4829,1356,course-v1:DHQG-HCM+QTH101+2026_S1,audit,1,25.0,0.0,,,0.0,,,,0.0,0.0,0,0,,999,0.0,0,0,0,0,0,0.0,0,0.0,0,0,0,0,0,0.0,0.0,0,0.0,0.0,0,0,0,0,0,0,0,0,0.0,0.0,0.0,0.0,50.0,0,0,0,2026-03-23 10:33:23,populate_20260317_102357,1
4830,1360,course-v1:DHQG-HCM+QTH101+2026_S1,audit,1,25.0,0.0,,,0.0,,,,0.0,0.0,0,0,,999,0.0,0,0,0,0,0,0.0,0,0.0,0,0,0,0,0,0.0,0.0,0,0.0,0.0,0,0,0,0,0,0,0,0,0.0,0.0,0.0,0.0,50.0,0,0,0,2026-03-23 10:33:23,populate_20260317_102357,1
4831,1361,course-v1:DHQG-HCM+QTH101+2026_S1,audit,1,25.0,0.0,,,0.0,,,,0.0,0.0,0,0,,999,0.0,0,0,0,0,0,0.0,0,0.0,0,0,0,0,0,0.0,0.0,0,0.0,0.0,0,0,0,0,0,0,0,0,0.0,0.0,0.0,0.0,50.0,0,0,0,2026-03-23 10:33:23,populate_20260317_102357,0
4832,1362,course-v1:DHQG-HCM+QTH101+2026_S1,audit,1,25.0,0.0,,,0.0,,,,0.0,0.0,0,0,,999,0.0,0,0,0,0,0,0.0,0,0.0,0,0,0,0,0,0.0,0.0,0,0.0,0.0,0,0,0,0,0,0,0,0,0.0,0.0,0.0,0.0,50.0,0,0,0,2026-03-23 10:33:23,populate_20260317_102357,1
4833,1370,course-v1:DHQG-HCM+QTH101+2026_S1,audit,1,25.0,0.0,,,0.0,,,,0.0,0.0,0,0,,999,0.0,0,0,0,0,0,0.0,0,0.0,0,0,0,0,0,0.0,0.0,0,0.0,0.0,0,0,0,0,0,0,0,0,0.0,0.0,0.0,0.0,50.0,0,0,0,2026-03-23 10:33:23,populate_20260317_102357,1
4834,1371,course-v1:DHQG-HCM+QTH101+2026_S1,audit,1,25.0,0.0,,,0.0,,,,0.0,0.0,0,0,,999,0.0,0,0,0,0,0,0.0,0,0.0,0,0,0,0,0,0.0,0.0,0,0.0,0.0,0,0,0,0,0,0,0,0,0.0,0.0,0.0,0.0,50.0,0,0,0,2026-03-23 10:33:23,populate_20260317_102357,1
4835,1372,course-v1:DHQG-HCM+QTH101+2026_S1,audit,1,25.0,0.0,,,0.0,,,,0.0,0.0,0,0,,999,0.0,0,0,0,0,0,0.0,0,0.0,0,0,0,0,0,0.0,0.0,0,0.0,0.0,0,0,0,0,0,0,0,0,0.0,0.0,0.0,0.0,50.0,0,0,0,2026-03-23 10:33:23,populate_20260317_102357,1
4836,1373,course-v1:DHQG-HCM+QTH101+2026_S1,audit,1,25.0,0.0,,,0.0,,,,0.0,0.0,0,0,,999,0.0,0,0,0,0,0,0.0,0,0.0,0,0,0,0,0,0.0,0.0,0,0.0,0.0,0,0,0,0,0,0,0,0,0.0,0.0,0.0,0.0,50.0,0,0,0,2026-03-23 10:33:23,populate_20260317_102357,1
4837,1374,course-v1:DHQG-HCM+QTH101+2026_S1,audit,1,25.0,0.0,,,0.0,,,,0.0,0.0,0,0,,999,0.0,0,0,0,0,0,0.0,0,0.0,0,0,0,0,0,0.0,0.0,0,0.0,0.0,0,0,0,0,0,0,0,0,0.0,0.0,0.0,0.0,50.0,0,0,0,2026-03-23 10:33:23,populate_20260317_102357,1
4838,1376,course-v1:DHQG-HCM+QTH101+2026_S1,audit,1,25.0,0.0,,,0.0,,,,0.0,0.0,0,0,,999,0.0,0,0,0,0,0,0.0,0,0.0,0,0,0,0,0,0.0,0.0,0,0.0,0.0,0,0,0,0,0,0,0,0,0.0,0.0,0.0,0.0,50.0,0,0,0,2026-03-23 10:33:23,populate_20260317_102357,0
4839,1380,course-v1:DHQG-HCM+QTH101+2026_S1,audit,1,25.0,0.0,,,0.0,,,,0.0,0.0,0,0,,999,0.0,0,0,0,0,0,0.0,0,0.0,0,0,0,0,0,0.0,0.0,0,0.0,0.0,0,0,0,0,0,0,0,0,0.0,0.0,0.0,0.0,50.0,0,0,0,2026-03-23 10:33:23,populate_20260317_102357,0
4840,1420,course-v1:DHQG-HCM+QTH101+2026_S1,audit,1,25.0,0.0,,,0.0,,,,0.0,0.0,0,0,,999,0.0,0,0,0,0,0,0.0,0,0.0,0,0,0,0,0,0.0,0.0,0,0.0,0.0,0,0,0,0,0,0,0,0,0.0,0.0,0.0,0.0,50.0,0,0,0,2026-03-23 10:33:23,populate_20260317_102357,1
4841,1421,course-v1:DHQG-HCM+QTH101+2026_S1,audit,1,25.0,0.0,,,0.0,,,,0.0,0.0,0,0,,999,0.0,0,0,0,0,0,0.0,0,0.0,0,0,0,0,0,0.0,0.0,0,0.0,0.0,0,0,0,0,0,0,0,0,0.0,0.0,0.0,0.0,50.0,0,0,0,2026-03-23 10:33:23,populate_20260317_102357,0
4842,1435,course-v1:DHQG-HCM+QTH101+2026_S1,audit,1,25.0,0.0,,,0.0,,,,0.0,0.0,0,0,,999,0.0,0,0,0,0,0,0.0,0,0.0,0,0,0,0,0,0.0,0.0,0,0.0,0.0,0,0,0,0,0,0,0,0,0.0,0.0,0.0,0.0,50.0,0,0,0,2026-03-23 10:33:23,populate_20260317_102357,1
4843,1437,course-v1:DHQG-HCM+QTH101+2026_S1,audit,1,25.0,0.0,,,0.0,,,,0.0,0.0,0,0,,999,0.0,0,0,0,0,0,0.0,0,0.0,0,0,0,0,0,0.0,0.0,0,0.0,0.0,0,0,0,0,0,0,0,0,0.0,0.0,0.0,0.0,50.0,0,0,0,2026-03-23 10:33:23,populate_20260317_102357,0
4844,1438,course-v1:DHQG-HCM+QTH101+2026_S1,audit,1,25.0,0.0,,,0.0,,,,0.0,0.0,0,0,,999,0.0,0,0,0,0,0,0.0,0,0.0,0,0,0,0,0,0.0,0.0,0,0.0,0.0,0,0,0,0,0,0,0,0,0.0,0.0,0.0,0.0,50.0,0,0,0,2026-03-23 10:33:23,populate_20260317_102357,1
4845,1442,course-v1:DHQG-HCM+QTH101+2026_S1,audit,1,25.0,0.0,,,0.0,,,,0.0,0.0,0,0,,999,0.0,0,0,0,0,0,0.0,0,0.0,0,0,0,0,0,0.0,0.0,0,0.0,0.0,0,0,0,0,0,0,0,0,0.0,0.0,0.0,0.0,50.0,0,0,0,2026-03-23 10:33:23,populate_20260317_102357,1
4846,1445,course-v1:DHQG-HCM+QTH101+2026_S1,audit,1,25.0,0.0,,,0.0,,,,0.0,0.0,0,0,,999,0.0,0,0,0,0,0,0.0,0,0.0,0,0,0,0,0,0.0,0.0,0,0.0,0.0,0,0,0,0,0,0,0,0,0.0,0.0,0.0,0.0,50.0,0,0,0,2026-03-23 10:33:23,populate_20260317_102357,1
4847,1446,course-v1:DHQG-HCM+QTH101+2026_S1,audit,1,25.0,0.0,,,0.0,,,,0.0,0.0,0,0,,999,0.0,0,0,0,0,0,0.0,0,0.0,0,0,0,0,0,0.0,0.0,0,0.0,0.0,0,0,0,0,0,0,0,0,0.0,0.0,0.0,0.0,50.0,0,0,0,2026-03-23 10:33:23,populate_20260317_102357,1
4848,1452,course-v1:DHQG-HCM+QTH101+2026_S1,audit,1,25.0,0.0,,,0.0,,,,0.0,0.0,0,0,,999,0.0,0,0,0,0,0,0.0,0,0.0,0,0,0,0,0,0.0,0.0,0,0.0,0.0,0,0,0,0,0,0,0,0,0.0,0.0,0.0,0.0,50.0,0,0,0,2026-03-23 10:33:23,populate_20260317_102357,1
4849,1458,course-v1:DHQG-HCM+QTH101+2026_S1,audit,1,25.0,0.0,,,0.0,,,,0.0,0.0,0,0,,999,0.0,0,0,0,0,0,0.0,0,0.0,0,0,0,0,0,0.0,0.0,0,0.0,0.0,0,0,0,0,0,0,0,0,0.0,0.0,0.0,0.0,50.0,0,0,0,2026-03-23 10:33:23,populate_20260317_102357,1
4850,1461,course-v1:DHQG-HCM+QTH101+2026_S1,audit,1,25.0,0.0,,,0.0,,,,0.0,0.0,0,0,,999,0.0,0,0,0,0,0,0.0,0,0.0,0,0,0,0,0,0.0,0.0,0,0.0,0.0,0,0,0,0,0,0,0,0,0.0,0.0,0.0,0.0,50.0,0,0,0,2026-03-23 10:33:23,populate_20260317_102357,1
4851,1464,course-v1:DHQG-HCM+QTH101+2026_S1,audit,1,25.0,0.0,,,0.0,,,,0.0,0.0,0,0,,999,0.0,0,0,0,0,0,0.0,0,0.0,0,0,0,0,0,0.0,0.0,0,0.0,0.0,0,0,0,0,0,0,0,0,0.0,0.0,0.0,0.0,50.0,0,0,0,2026-03-23 10:33:23,populate_20260317_102357,1
4852,1465,course-v1:DHQG-HCM+QTH101+2026_S1,audit,1,25.0,0.0,,,0.0,,,,0.0,0.0,0,0,,999,0.0,0,0,0,0,0,0.0,0,0.0,0,0,0,0,0,0.0,0.0,0,0.0,0.0,0,0,0,0,0,0,0,0,0.0,0.0,0.0,0.0,50.0,0,0,0,2026-03-23 10:33:23,populate_20260317_102357,1
4853,1466,course-v1:DHQG-HCM+QTH101+2026_S1,audit,1,25.0,0.0,,,0.0,,,,0.0,0.0,0,0,,999,0.0,0,0,0,0,0,0.0,0,0.0,0,0,0,0,0,0.0,0.0,0,0.0,0.0,0,0,0,0,0,0,0,0,0.0,0.0,0.0,0.0,50.0,0,0,0,2026-03-23 10:33:23,populate_20260317_102357,1
4854,1467,course-v1:DHQG-HCM+QTH101+2026_S1,audit,1,25.0,0.0,,,0.0,,,,0.0,0.0,0,0,,999,0.0,0,0,0,0,0,0.0,0,0.0,0,0,0,0,0,0.0,0.0,0,0.0,0.0,0,0,0,0,0,0,0,0,0.0,0.0,0.0,0.0,50.0,0,0,0,2026-03-23 10:33:23,populate_20260317_102357,1
4855,1468,course-v1:DHQG-HCM+QTH101+2026_S1,audit,1,25.0,0.0,,,0.0,,,,0.0,0.0,0,0,,999,0.0,0,0,0,0,0,0.0,0,0.0,0,0,0,0,0,0.0,0.0,0,0.0,0.0,0,0,0,0,0,0,0,0,0.0,0.0,0.0,0.0,50.0,0,0,0,2026-03-23 10:33:23,populate_20260317_102357,1
4856,1470,course-v1:DHQG-HCM+QTH101+2026_S1,audit,1,25.0,0.0,,,0.0,,,,0.0,0.0,0,0,,999,0.0,0,0,0,0,0,0.0,0,0.0,0,0,0,0,0,0.0,0.0,0,0.0,0.0,0,0,0,0,0,0,0,0,0.0,0.0,0.0,0.0,50.0,0,0,0,2026-03-23 10:33:23,populate_20260317_102357,1
4857,1471,course-v1:DHQG-HCM+QTH101+2026_S1,audit,1,25.0,0.0,,,0.0,,,,0.0,0.0,0,0,,999,0.0,0,0,0,0,0,0.0,0,0.0,0,0,0,0,0,0.0,0.0,0,0.0,0.0,0,0,0,0,0,0,0,0,0.0,0.0,0.0,0.0,50.0,0,0,0,2026-03-23 10:33:23,populate_20260317_102357,1
4858,1473,course-v1:DHQG-HCM+QTH101+2026_S1,audit,1,25.0,0.0,,,0.0,,,,0.0,0.0,0,0,,999,0.0,0,0,0,0,0,0.0,0,0.0,0,0,0,0,0,0.0,0.0,0,0.0,0.0,0,0,0,0,0,0,0,0,0.0,0.0,0.0,0.0,50.0,0,0,0,2026-03-23 10:33:23,populate_20260317_102357,1
4859,1475,course-v1:DHQG-HCM+QTH101+2026_S1,audit,1,25.0,0.0,,,0.0,,,,0.0,0.0,0,0,,999,0.0,0,0,0,0,0,0.0,0,0.0,0,0,0,0,0,0.0,0.0,0,0.0,0.0,0,0,0,0,0,0,0,0,0.0,0.0,0.0,0.0,50.0,0,0,0,2026-03-23 10:33:23,populate_20260317_102357,1
4860,1477,course-v1:DHQG-HCM+QTH101+2026_S1,audit,1,25.0,0.0,,,0.0,,,,0.0,0.0,0,0,,999,0.0,0,0,0,0,0,0.0,0,0.0,0,0,0,0,0,0.0,0.0,0,0.0,0.0,0,0,0,0,0,0,0,0,0.0,0.0,0.0,0.0,50.0,0,0,0,2026-03-23 10:33:23,populate_20260317_102357,1
4861,1478,course-v1:DHQG-HCM+QTH101+2026_S1,audit,1,25.0,0.0,,,0.0,,,,0.0,0.0,0,0,,999,0.0,0,0,0,0,0,0.0,0,0.0,0,0,0,0,0,0.0,0.0,0,0.0,0.0,0,0,0,0,0,0,0,0,0.0,0.0,0.0,0.0,50.0,0,0,0,2026-03-23 10:33:23,populate_20260317_102357,1
4862,1479,course-v1:DHQG-HCM+QTH101+2026_S1,audit,1,25.0,0.0,,,0.0,,,,0.0,0.0,0,0,,999,0.0,0,0,0,0,0,0.0,0,0.0,0,0,0,0,0,0.0,0.0,0,0.0,0.0,0,0,0,0,0,0,0,0,0.0,0.0,0.0,0.0,50.0,0,0,0,2026-03-23 10:33:23,populate_20260317_102357,1
4863,1480,course-v1:DHQG-HCM+QTH101+2026_S1,audit,1,25.0,0.0,,,0.0,,,,0.0,0.0,0,0,,999,0.0,0,0,0,0,0,0.0,0,0.0,0,0,0,0,0,0.0,0.0,0,0.0,0.0,0,0,0,0,0,0,0,0,0.0,0.0,0.0,0.0,50.0,0,0,0,2026-03-23 10:33:23,populate_20260317_102357,1
4864,1481,course-v1:DHQG-HCM+QTH101+2026_S1,audit,1,25.0,0.0,,,0.0,,,,0.0,0.0,0,0,,999,0.0,0,0,0,0,0,0.0,0,0.0,0,0,0,0,0,0.0,0.0,0,0.0,0.0,0,0,0,0,0,0,0,0,0.0,0.0,0.0,0.0,50.0,0,0,0,2026-03-23 10:33:23,populate_20260317_102357,1
4865,1482,course-v1:DHQG-HCM+QTH101+2026_S1,audit,1,25.0,0.0,,,0.0,,,,0.0,0.0,0,0,,999,0.0,0,0,0,0,0,0.0,0,0.0,0,0,0,0,0,0.0,0.0,0,0.0,0.0,0,0,0,0,0,0,0,0,0.0,0.0,0.0,0.0,50.0,0,0,0,2026-03-23 10:33:23,populate_20260317_102357,1
4866,1486,course-v1:DHQG-HCM+QTH101+2026_S1,audit,1,25.0,0.0,,,0.0,,,,0.0,0.0,0,0,,999,0.0,0,0,0,0,0,0.0,0,0.0,0,0,0,0,0,0.0,0.0,0,0.0,0.0,0,0,0,0,0,0,0,0,0.0,0.0,0.0,0.0,50.0,0,0,0,2026-03-23 10:33:23,populate_20260317_102357,1
4867,1487,course-v1:DHQG-HCM+QTH101+2026_S1,audit,1,25.0,0.0,,,0.0,,,,0.0,0.0,0,0,,999,0.0,0,0,0,0,0,0.0,0,0.0,0,0,0,0,0,0.0,0.0,0,0.0,0.0,0,0,0,0,0,0,0,0,0.0,0.0,0.0,0.0,50.0,0,0,0,2026-03-23 10:33:23,populate_20260317_102357,1
4868,1488,course-v1:DHQG-HCM+QTH101+2026_S1,audit,1,25.0,0.0,,,0.0,,,,0.0,0.0,0,0,,999,0.0,0,0,0,0,0,0.0,0,0.0,0,0,0,0,0,0.0,0.0,0,0.0,0.0,0,0,0,0,0,0,0,0,0.0,0.0,0.0,0.0,50.0,0,0,0,2026-03-23 10:33:23,populate_20260317_102357,1
4869,1489,course-v1:DHQG-HCM+QTH101+2026_S1,audit,1,25.0,0.0,,,0.0,,,,0.0,0.0,0,0,,999,0.0,0,0,0,0,0,0.0,0,0.0,0,0,0,0,0,0.0,0.0,0,0.0,0.0,0,0,0,0,0,0,0,0,0.0,0.0,0.0,0.0,50.0,0,0,0,2026-03-23 10:33:23,populate_20260317_102357,1
4870,1490,course-v1:DHQG-HCM+QTH101+2026_S1,audit,1,25.0,0.0,,,0.0,,,,0.0,0.0,0,0,,999,0.0,0,0,0,0,0,0.0,0,0.0,0,0,0,0,0,0.0,0.0,0,0.0,0.0,0,0,0,0,0,0,0,0,0.0,0.0,0.0,0.0,50.0,0,0,0,2026-03-23 10:33:23,populate_20260317_102357,1
4871,1491,course-v1:DHQG-HCM+QTH101+2026_S1,audit,1,25.0,0.0,,,0.0,,,,0.0,0.0,0,0,,999,0.0,0,0,0,0,0,0.0,0,0.0,0,0,0,0,0,0.0,0.0,0,0.0,0.0,0,0,0,0,0,0,0,0,0.0,0.0,0.0,0.0,50.0,0,0,0,2026-03-23 10:33:23,populate_20260317_102357,1
4872,1492,course-v1:DHQG-HCM+QTH101+2026_S1,audit,1,25.0,0.0,,,0.0,,,,0.0,0.0,0,0,,999,0.0,0,0,0,0,0,0.0,0,0.0,0,0,0,0,0,0.0,0.0,0,0.0,0.0,0,0,0,0,0,0,0,0,0.0,0.0,0.0,0.0,50.0,0,0,0,2026-03-23 10:33:23,populate_20260317_102357,1
4873,1493,course-v1:DHQG-HCM+QTH101+2026_S1,audit,1,25.0,0.0,,,0.0,,,,0.0,0.0,0,0,,999,0.0,0,0,0,0,0,0.0,0,0.0,0,0,0,0,0,0.0,0.0,0,0.0,0.0,0,0,0,0,0,0,0,0,0.0,0.0,0.0,0.0,50.0,0,0,0,2026-03-23 10:33:23,populate_20260317_102357,1
4874,1494,course-v1:DHQG-HCM+QTH101+2026_S1,audit,1,25.0,0.0,,,0.0,,,,0.0,0.0,0,0,,999,0.0,0,0,0,0,0,0.0,0,0.0,0,0,0,0,0,0.0,0.0,0,0.0,0.0,0,0,0,0,0,0,0,0,0.0,0.0,0.0,0.0,50.0,0,0,0,2026-03-23 10:33:23,populate_20260317_102357,1
4875,1496,course-v1:DHQG-HCM+QTH101+2026_S1,audit,1,25.0,0.0,,,0.0,,,,0.0,0.0,0,0,,999,0.0,0,0,0,0,0,0.0,0,0.0,0,0,0,0,0,0.0,0.0,0,0.0,0.0,0,0,0,0,0,0,0,0,0.0,0.0,0.0,0.0,50.0,0,0,0,2026-03-23 10:33:23,populate_20260317_102357,1
4876,1497,course-v1:DHQG-HCM+QTH101+2026_S1,audit,1,25.0,0.0,,,0.0,,,,0.0,0.0,0,0,,999,0.0,0,0,0,0,0,0.0,0,0.0,0,0,0,0,0,0.0,0.0,0,0.0,0.0,0,0,0,0,0,0,0,0,0.0,0.0,0.0,0.0,50.0,0,0,0,2026-03-23 10:33:23,populate_20260317_102357,1
4877,1498,course-v1:DHQG-HCM+QTH101+2026_S1,audit,1,25.0,0.0,,,0.0,,,,0.0,0.0,0,0,,999,0.0,0,0,0,0,0,0.0,0,0.0,0,0,0,0,0,0.0,0.0,0,0.0,0.0,0,0,0,0,0,0,0,0,0.0,0.0,0.0,0.0,50.0,0,0,0,2026-03-23 10:33:23,populate_20260317_102357,1
4878,1500,course-v1:DHQG-HCM+QTH101+2026_S1,audit,1,25.0,0.0,,,0.0,,,,0.0,0.0,0,0,,999,0.0,0,0,0,0,0,0.0,0,0.0,0,0,0,0,0,0.0,0.0,0,0.0,0.0,0,0,0,0,0,0,0,0,0.0,0.0,0.0,0.0,50.0,0,0,0,2026-03-23 10:33:23,populate_20260317_102357,1
4879,1501,course-v1:DHQG-HCM+QTH101+2026_S1,audit,1,25.0,0.0,,,0.0,,,,0.0,0.0,0,0,,999,0.0,0,0,0,0,0,0.0,0,0.0,0,0,0,0,0,0.0,0.0,0,0.0,0.0,0,0,0,0,0,0,0,0,0.0,0.0,0.0,0.0,50.0,0,0,0,2026-03-23 10:33:23,populate_20260317_102357,1
4880,1502,course-v1:DHQG-HCM+QTH101+2026_S1,audit,1,25.0,0.0,,,0.0,,,,0.0,0.0,0,0,,999,0.0,0,0,0,0,0,0.0,0,0.0,0,0,0,0,0,0.0,0.0,0,0.0,0.0,0,0,0,0,0,0,0,0,0.0,0.0,0.0,0.0,50.0,0,0,0,2026-03-23 10:33:23,populate_20260317_102357,1
4881,1503,course-v1:DHQG-HCM+QTH101+2026_S1,audit,1,25.0,0.0,,,0.0,,,,0.0,0.0,0,0,,999,0.0,0,0,0,0,0,0.0,0,0.0,0,0,0,0,0,0.0,0.0,0,0.0,0.0,0,0,0,0,0,0,0,0,0.0,0.0,0.0,0.0,50.0,0,0,0,2026-03-23 10:33:23,populate_20260317_102357,1
4882,1523,course-v1:DHQG-HCM+QTH101+2026_S1,audit,1,25.0,0.0,,,0.0,,,,0.0,0.0,0,0,,999,0.0,0,0,0,0,0,0.0,0,0.0,0,0,0,0,0,0.0,0.0,0,0.0,0.0,0,0,0,0,0,0,0,0,0.0,0.0,0.0,0.0,50.0,0,0,0,2026-03-23 10:33:23,populate_20260317_102357,1
4883,1529,course-v1:DHQG-HCM+QTH101+2026_S1,audit,1,24.0,0.0,,,0.0,,,,0.0,0.0,0,0,,999,0.0,0,0,0,0,0,0.0,0,0.0,0,0,0,0,0,0.0,0.0,0,0.0,0.0,0,0,0,0,0,0,0,0,0.0,0.0,0.0,0.0,50.0,0,0,0,2026-03-23 10:33:23,populate_20260317_102357,0
4884,1530,course-v1:DHQG-HCM+QTH101+2026_S1,audit,1,24.0,0.0,,,0.0,,,,0.0,0.0,0,0,,999,0.0,0,0,0,0,0,0.0,0,0.0,0,0,0,0,0,0.0,0.0,0,0.0,0.0,0,0,0,0,0,0,0,0,0.0,0.0,0.0,0.0,50.0,0,0,0,2026-03-23 10:33:23,populate_20260317_102357,0
4885,1532,course-v1:DHQG-HCM+QTH101+2026_S1,audit,1,24.0,0.0,,,0.0,,,,0.0,0.0,0,0,,999,0.0,0,0,0,0,0,0.0,0,0.0,0,0,0,0,0,0.0,0.0,0,0.0,0.0,0,0,0,0,0,0,0,0,0.0,0.0,0.0,0.0,50.0,0,0,0,2026-03-23 10:33:23,populate_20260317_102357,0
4886,1536,course-v1:DHQG-HCM+QTH101+2026_S1,audit,1,24.0,0.0,,,0.0,,,,0.0,0.0,0,0,,999,0.0,0,0,0,0,0,0.0,0,0.0,0,0,0,0,0,0.0,0.0,0,0.0,0.0,0,0,0,0,0,0,0,0,0.0,0.0,0.0,0.0,50.0,0,0,0,2026-03-23 10:33:23,populate_20260317_102357,0
4887,1537,course-v1:DHQG-HCM+QTH101+2026_S1,audit,1,24.0,0.0,,,0.0,,,,0.0,0.0,0,0,,999,0.0,0,0,0,0,0,0.0,0,0.0,0,0,0,0,0,0.0,0.0,0,0.0,0.0,0,0,0,0,0,0,0,0,0.0,0.0,0.0,0.0,50.0,0,0,0,2026-03-23 10:33:23,populate_20260317_102357,0
4888,1538,course-v1:DHQG-HCM+QTH101+2026_S1,audit,1,24.0,0.0,,,0.0,,,,0.0,0.0,0,0,,999,0.0,0,0,0,0,0,0.0,0,0.0,0,0,0,0,0,0.0,0.0,0,0.0,0.0,0,0,0,0,0,0,0,0,0.0,0.0,0.0,0.0,50.0,0,0,0,2026-03-23 10:33:23,populate_20260317_102357,1
4889,1539,course-v1:DHQG-HCM+QTH101+2026_S1,audit,1,24.0,0.0,,,0.0,,,,0.0,0.0,0,0,,999,0.0,0,0,0,0,0,0.0,0,0.0,0,0,0,0,0,0.0,0.0,0,0.0,0.0,0,0,0,0,0,0,0,0,0.0,0.0,0.0,0.0,50.0,0,0,0,2026-03-23 10:33:23,populate_20260317_102357,1
4890,1540,course-v1:DHQG-HCM+QTH101+2026_S1,audit,1,24.0,0.0,,,0.0,,,,0.0,0.0,0,0,,999,0.0,0,0,0,0,0,0.0,0,0.0,0,0,0,0,0,0.0,0.0,0,0.0,0.0,0,0,0,0,0,0,0,0,0.0,0.0,0.0,0.0,50.0,0,0,0,2026-03-23 10:33:23,populate_20260317_102357,1
4891,1543,course-v1:DHQG-HCM+QTH101+2026_S1,audit,1,24.0,0.0,,,0.0,,,,0.0,0.0,0,0,,999,0.0,0,0,0,0,0,0.0,0,0.0,0,0,0,0,0,0.0,0.0,0,0.0,0.0,0,0,0,0,0,0,0,0,0.0,0.0,0.0,0.0,50.0,0,0,0,2026-03-23 10:33:23,populate_20260317_102357,0
4892,1544,course-v1:DHQG-HCM+QTH101+2026_S1,audit,1,24.0,0.0,,,0.0,,,,0.0,0.0,0,0,,999,0.0,0,0,0,0,0,0.0,0,0.0,0,0,0,0,0,0.0,0.0,0,0.0,0.0,0,0,0,0,0,0,0,0,0.0,0.0,0.0,0.0,50.0,0,0,0,2026-03-23 10:33:23,populate_20260317_102357,1
4893,1545,course-v1:DHQG-HCM+QTH101+2026_S1,audit,1,24.0,0.0,,,0.0,,,,0.0,0.0,0,0,,999,0.0,0,0,0,0,0,0.0,0,0.0,0,0,0,0,0,0.0,0.0,0,0.0,0.0,0,0,0,0,0,0,0,0,0.0,0.0,0.0,0.0,50.0,0,0,0,2026-03-23 10:33:23,populate_20260317_102357,1
4894,1546,course-v1:DHQG-HCM+QTH101+2026_S1,audit,1,24.0,0.0,,,0.0,,,,0.0,0.0,0,0,,999,0.0,0,0,0,0,0,0.0,0,0.0,0,0,0,0,0,0.0,0.0,0,0.0,0.0,0,0,0,0,0,0,0,0,0.0,0.0,0.0,0.0,50.0,0,0,0,2026-03-23 10:33:23,populate_20260317_102357,1
4895,1578,course-v1:DHQG-HCM+QTH101+2026_S1,audit,1,24.0,0.0,,,0.0,,,,0.0,0.0,0,0,,999,0.0,0,0,0,0,0,0.0,0,0.0,0,0,0,0,0,0.0,0.0,0,0.0,0.0,0,0,0,0,0,0,0,0,0.0,0.0,0.0,0.0,50.0,0,0,0,2026-03-23 10:33:23,populate_20260317_102357,1
4896,1581,course-v1:DHQG-HCM+QTH101+2026_S1,audit,1,24.0,0.0,,,0.0,,,,0.0,0.0,0,0,,999,0.0,0,0,0,0,0,0.0,0,0.0,0,0,0,0,0,0.0,0.0,0,0.0,0.0,0,0,0,0,0,0,0,0,0.0,0.0,0.0,0.0,50.0,0,0,0,2026-03-23 10:33:23,populate_20260317_102357,0
4897,1602,course-v1:DHQG-HCM+QTH101+2026_S1,audit,1,23.0,0.0,,,0.0,,,,0.0,0.0,0,0,,999,0.0,0,0,0,0,0,0.0,0,0.0,0,0,0,0,0,0.0,0.0,0,0.0,0.0,0,0,0,0,0,0,0,0,0.0,0.0,0.0,0.0,50.0,0,0,0,2026-03-23 10:33:23,populate_20260317_102357,0
4898,1615,course-v1:DHQG-HCM+QTH101+2026_S1,audit,1,23.0,0.0,,,0.0,,,,0.0,0.0,0,0,,999,0.0,0,0,0,0,0,0.0,0,0.0,0,0,0,0,0,0.0,0.0,0,0.0,0.0,0,0,0,0,0,0,0,0,0.0,0.0,0.0,0.0,50.0,0,0,0,2026-03-23 10:33:23,populate_20260317_102357,0
4899,1640,course-v1:DHQG-HCM+QTH101+2026_S1,audit,1,23.0,0.0,,,0.0,,,,0.0,0.0,0,0,,999,0.0,0,0,0,0,0,0.0,0,0.0,0,0,0,0,0,0.0,0.0,0,0.0,0.0,0,0,0,0,0,0,0,0,0.0,0.0,0.0,0.0,50.0,0,0,0,2026-03-23 10:33:23,populate_20260317_102357,1
4900,1643,course-v1:DHQG-HCM+QTH101+2026_S1,audit,1,23.0,0.0,,,0.0,,,,0.0,0.0,0,0,,999,0.0,0,0,0,0,0,0.0,0,0.0,0,0,0,0,0,0.0,0.0,0,0.0,0.0,0,0,0,0,0,0,0,0,0.0,0.0,0.0,0.0,50.0,0,0,0,2026-03-23 10:33:23,populate_20260317_102357,1
4901,1646,course-v1:DHQG-HCM+QTH101+2026_S1,audit,1,22.0,0.0,,,0.0,,,,0.0,0.0,0,0,,999,0.0,0,0,0,0,0,0.0,0,0.0,0,0,0,0,0,0.0,0.0,0,0.0,0.0,0,0,0,0,0,0,0,0,0.0,0.0,0.0,0.0,50.0,0,0,0,2026-03-23 10:33:23,populate_20260317_102357,0
4902,1675,course-v1:DHQG-HCM+QTH101+2026_S1,audit,1,22.0,0.0,,,0.0,,,,0.0,0.0,0,0,,999,0.0,0,0,0,0,0,0.0,0,0.0,0,0,0,0,0,0.0,0.0,0,0.0,0.0,0,0,0,0,0,0,0,0,0.0,0.0,0.0,0.0,50.0,0,0,0,2026-03-23 10:33:23,populate_20260317_102357,1
4903,1684,course-v1:DHQG-HCM+QTH101+2026_S1,audit,1,22.0,0.0,,,0.0,,,,0.0,0.0,0,0,,999,0.0,0,0,0,0,0,0.0,0,0.0,0,0,0,0,0,0.0,0.0,0,0.0,0.0,0,0,0,0,0,0,0,0,0.0,0.0,0.0,0.0,50.0,0,0,0,2026-03-23 10:33:23,populate_20260317_102357,1
4904,1689,course-v1:DHQG-HCM+QTH101+2026_S1,audit,1,22.0,0.0,,,0.0,,,,0.0,0.0,0,0,,999,0.0,0,0,0,0,0,0.0,0,0.0,0,0,0,0,0,0.0,0.0,0,0.0,0.0,0,0,0,0,0,0,0,0,0.0,0.0,0.0,0.0,50.0,0,0,0,2026-03-23 10:33:23,populate_20260317_102357,1
4905,1758,course-v1:DHQG-HCM+QTH101+2026_S1,audit,1,21.0,0.0,,,0.0,,,,0.0,0.0,0,0,,999,0.0,0,0,0,0,0,0.0,0,0.0,0,0,0,0,0,0.0,0.0,0,0.0,0.0,0,0,0,0,0,0,0,0,0.0,0.0,0.0,0.0,50.0,0,0,0,2026-03-23 10:33:23,populate_20260317_102357,0
4906,1774,course-v1:DHQG-HCM+QTH101+2026_S1,audit,1,18.0,0.0,,,0.0,,,,0.0,0.0,0,0,,999,0.0,0,0,0,0,0,0.0,0,0.0,0,0,0,0,0,0.0,0.0,0,0.0,0.0,0,0,0,0,0,0,0,0,0.0,0.0,0.0,0.0,50.0,0,0,0,2026-03-23 10:33:23,populate_20260317_102357,0
4907,1812,course-v1:DHQG-HCM+QTH101+2026_S1,audit,1,21.0,0.0,,,0.0,,,,0.0,0.0,0,0,,999,0.0,0,0,0,0,0,0.0,0,0.0,0,0,0,0,0,0.0,0.0,0,0.0,0.0,0,0,0,0,0,0,0,0,0.0,0.0,0.0,0.0,50.0,0,0,0,2026-03-23 10:33:23,populate_20260317_102357,0
4908,1823,course-v1:DHQG-HCM+QTH101+2026_S1,audit,1,21.0,0.0,,,0.0,,,,0.0,0.0,0,0,,999,0.0,0,0,0,0,0,0.0,0,0.0,0,0,0,0,0,0.0,0.0,0,0.0,0.0,0,0,0,0,0,0,0,0,0.0,0.0,0.0,0.0,50.0,0,0,0,2026-03-23 10:33:23,populate_20260317_102357,0
4909,1837,course-v1:DHQG-HCM+QTH101+2026_S1,audit,1,20.0,0.0,,,0.0,,,,0.0,0.0,0,0,,999,0.0,0,0,0,0,0,0.0,0,0.0,0,0,0,0,0,0.0,0.0,0,0.0,0.0,0,0,0,0,0,0,0,0,0.0,0.0,0.0,0.0,50.0,0,0,0,2026-03-23 10:33:23,populate_20260317_102357,0
4910,1841,course-v1:DHQG-HCM+QTH101+2026_S1,audit,1,19.0,0.0,,,0.0,,,,0.0,0.0,0,0,,999,0.0,0,0,0,0,0,0.0,0,0.0,0,0,0,0,0,0.0,0.0,0,0.0,0.0,0,0,0,0,0,0,0,0,0.0,0.0,0.0,0.0,50.0,0,0,0,2026-03-23 10:33:23,populate_20260317_102357,0
4911,1853,course-v1:DHQG-HCM+QTH101+2026_S1,audit,1,20.0,0.0,,,0.0,,,,0.0,0.0,0,0,,999,0.0,0,0,0,0,0,0.0,0,0.0,0,0,0,0,0,0.0,0.0,0,0.0,0.0,0,0,0,0,0,0,0,0,0.0,0.0,0.0,0.0,50.0,0,0,0,2026-03-23 10:33:23,populate_20260317_102357,0
4912,1863,course-v1:DHQG-HCM+QTH101+2026_S1,audit,1,20.0,0.0,,,0.0,,,,0.0,0.0,0,0,,999,0.0,0,0,0,0,0,0.0,0,0.0,0,0,0,0,0,0.0,0.0,0,0.0,0.0,0,0,0,0,0,0,0,0,0.0,0.0,0.0,0.0,50.0,0,0,0,2026-03-23 10:33:23,populate_20260317_102357,0
4913,1868,course-v1:DHQG-HCM+QTH101+2026_S1,audit,1,20.0,0.0,,,0.0,,,,0.0,0.0,0,0,,999,0.0,0,0,0,0,0,0.0,0,0.0,0,0,0,0,0,0.0,0.0,0,0.0,0.0,0,0,0,0,0,0,0,0,0.0,0.0,0.0,0.0,50.0,0,0,0,2026-03-23 10:33:23,populate_20260317_102357,1
4914,1887,course-v1:DHQG-HCM+QTH101+2026_S1,audit,1,20.0,0.0,,,0.0,,,,0.0,0.0,0,0,,999,0.0,0,0,0,0,0,0.0,0,0.0,0,0,0,0,0,0.0,0.0,0,0.0,0.0,0,0,0,0,0,0,0,0,0.0,0.0,0.0,0.0,50.0,0,0,0,2026-03-23 10:33:23,populate_20260317_102357,0
4915,1905,course-v1:DHQG-HCM+QTH101+2026_S1,audit,1,19.0,0.0,,,0.0,,,,0.0,0.0,0,0,,999,0.0,0,0,0,0,0,0.0,0,0.0,0,0,0,0,0,0.0,0.0,0,0.0,0.0,0,0,0,0,0,0,0,0,0.0,0.0,0.0,0.0,50.0,0,0,0,2026-03-23 10:33:23,populate_20260317_102357,0
4916,1933,course-v1:DHQG-HCM+QTH101+2026_S1,audit,1,19.0,0.0,,,0.0,,,,0.0,0.0,0,0,,999,0.0,0,0,0,0,0,0.0,0,0.0,0,0,0,0,0,0.0,0.0,0,0.0,0.0,0,0,0,0,0,0,0,0,0.0,0.0,0.0,0.0,50.0,0,0,0,2026-03-23 10:33:23,populate_20260317_102357,0
4917,1934,course-v1:DHQG-HCM+QTH101+2026_S1,audit,1,19.0,0.0,,,0.0,,,,0.0,0.0,0,0,,999,0.0,0,0,0,0,0,0.0,0,0.0,0,0,0,0,0,0.0,0.0,0,0.0,0.0,0,0,0,0,0,0,0,0,0.0,0.0,0.0,0.0,50.0,0,0,0,2026-03-23 10:33:23,populate_20260317_102357,0
4918,1960,course-v1:DHQG-HCM+QTH101+2026_S1,audit,1,19.0,0.0,,,0.0,,,,0.0,0.0,0,0,,999,0.0,0,0,0,0,0,0.0,0,0.0,0,0,0,0,0,0.0,0.0,0,0.0,0.0,0,0,0,0,0,0,0,0,0.0,0.0,0.0,0.0,50.0,0,0,0,2026-03-23 10:33:23,populate_20260317_102357,0
4919,2054,course-v1:DHQG-HCM+QTH101+2026_S1,audit,1,17.0,0.0,,,0.0,,,,0.0,0.0,0,0,,999,0.0,0,0,0,0,0,0.0,0,0.0,0,0,0,0,0,0.0,0.0,0,0.0,0.0,0,0,0,0,0,0,0,0,0.0,0.0,0.0,0.0,50.0,0,0,0,2026-03-23 10:33:23,populate_20260317_102357,0
4920,2057,course-v1:DHQG-HCM+QTH101+2026_S1,audit,1,17.0,0.0,,,0.0,,,,0.0,0.0,0,0,,999,0.0,0,0,0,0,0,0.0,0,0.0,0,0,0,0,0,0.0,0.0,0,0.0,0.0,0,0,0,0,0,0,0,0,0.0,0.0,0.0,0.0,50.0,0,0,0,2026-03-23 10:33:23,populate_20260317_102357,0
4921,2059,course-v1:DHQG-HCM+QTH101+2026_S1,audit,1,17.0,0.0,,,0.0,,,,0.0,0.0,0,0,,999,0.0,0,0,0,0,0,0.0,0,0.0,0,0,0,0,0,0.0,0.0,0,0.0,0.0,0,0,0,0,0,0,0,0,0.0,0.0,0.0,0.0,50.0,0,0,0,2026-03-23 10:33:23,populate_20260317_102357,0
4922,2072,course-v1:DHQG-HCM+QTH101+2026_S1,audit,1,17.0,0.0,,,0.0,,,,0.0,0.0,0,0,,999,0.0,0,0,0,0,0,0.0,0,0.0,0,0,0,0,0,0.0,0.0,0,0.0,0.0,0,0,0,0,0,0,0,0,0.0,0.0,0.0,0.0,50.0,0,0,0,2026-03-23 10:33:23,populate_20260317_102357,0
4923,2095,course-v1:DHQG-HCM+QTH101+2026_S1,audit,1,15.0,0.0,,,0.0,,,,0.0,0.0,0,0,,999,0.0,0,0,0,0,0,0.0,0,0.0,0,0,0,0,0,0.0,0.0,0,0.0,0.0,0,0,0,0,0,0,0,0,0.0,0.0,0.0,0.0,50.0,0,0,0,2026-03-23 10:33:23,populate_20260317_102357,0
4924,2107,course-v1:DHQG-HCM+QTH101+2026_S1,audit,1,16.0,0.0,,,0.0,,,,0.0,0.0,0,0,,999,0.0,0,0,0,0,0,0.0,0,0.0,0,0,0,0,0,0.0,0.0,0,0.0,0.0,0,0,0,0,0,0,0,0,0.0,0.0,0.0,0.0,50.0,0,0,0,2026-03-23 10:33:23,populate_20260317_102357,0
4925,2109,course-v1:DHQG-HCM+QTH101+2026_S1,audit,1,16.0,0.0,,,0.0,,,,0.0,0.0,0,0,,999,0.0,0,0,0,0,0,0.0,0,0.0,0,0,0,0,0,0.0,0.0,0,0.0,0.0,0,0,0,0,0,0,0,0,0.0,0.0,0.0,0.0,50.0,0,0,0,2026-03-23 10:33:23,populate_20260317_102357,0
4926,2117,course-v1:DHQG-HCM+QTH101+2026_S1,audit,1,15.0,0.0,,,0.0,,,,0.0,0.0,0,0,,999,0.0,0,0,0,0,0,0.0,0,0.0,0,0,0,0,0,0.0,0.0,0,0.0,0.0,0,0,0,0,0,0,0,0,0.0,0.0,0.0,0.0,50.0,0,0,0,2026-03-23 10:33:23,populate_20260317_102357,0
4927,2120,course-v1:DHQG-HCM+QTH101+2026_S1,audit,1,15.0,0.0,,,0.0,,,,0.0,0.0,0,0,,999,0.0,0,0,0,0,0,0.0,0,0.0,0,0,0,0,0,0.0,0.0,0,0.0,0.0,0,0,0,0,0,0,0,0,0.0,0.0,0.0,0.0,50.0,0,0,0,2026-03-23 10:33:23,populate_20260317_102357,0
4928,2123,course-v1:DHQG-HCM+QTH101+2026_S1,audit,1,15.0,0.0,,,0.0,,,,0.0,0.0,0,0,,999,0.0,0,0,0,0,0,0.0,0,0.0,0,0,0,0,0,0.0,0.0,0,0.0,0.0,0,0,0,0,0,0,0,0,0.0,0.0,0.0,0.0,50.0,0,0,0,2026-03-23 10:33:23,populate_20260317_102357,0
4929,2137,course-v1:DHQG-HCM+QTH101+2026_S1,audit,1,15.0,0.0,,,0.0,,,,0.0,0.0,0,0,,999,0.0,0,0,0,0,0,0.0,0,0.0,0,0,0,0,0,0.0,0.0,0,0.0,0.0,0,0,0,0,0,0,0,0,0.0,0.0,0.0,0.0,50.0,0,0,0,2026-03-23 10:33:23,populate_20260317_102357,0
4930,2162,course-v1:DHQG-HCM+QTH101+2026_S1,audit,1,4.0,0.0,,,0.0,,,,0.0,0.0,0,0,,999,0.0,0,0,0,0,0,0.0,0,0.0,0,0,0,0,0,0.0,0.0,0,0.0,0.0,0,0,0,0,0,0,0,0,0.0,0.0,0.0,0.0,50.0,0,0,0,2026-03-23 10:33:23,populate_20260317_102357,0
4931,2274,course-v1:DHQG-HCM+QTH101+2026_S1,audit,1,10.0,0.0,,,0.0,,,,0.0,0.0,0,0,,999,0.0,0,0,0,0,0,0.0,0,0.0,0,0,0,0,0,0.0,0.0,0,0.0,0.0,0,0,0,0,0,0,0,0,0.0,0.0,0.0,0.0,50.0,0,0,0,2026-03-23 10:33:23,populate_20260317_102357,0
4932,3075,course-v1:DHQG-HCM+QTH101+2026_S1,audit,1,1.0,0.0,,,0.0,,,,0.0,0.0,0,0,,999,0.0,0,0,0,0,0,0.0,0,0.0,0,0,0,0,0,0.0,0.0,0,0.0,0.0,0,0,0,0,0,0,0,0,0.0,0.0,0.0,0.0,50.0,0,0,0,2026-03-23 10:33:23,populate_20260317_102357,0
4933,3208,course-v1:DHQG-HCM+QTH101+2026_S1,audit,1,9.0,0.0,,,0.0,,,,0.0,0.0,0,0,,999,0.0,0,0,0,0,0,0.0,0,0.0,0,0,0,0,0,0.0,0.0,0,0.0,0.0,0,0,0,0,0,0,0,0,0.0,0.0,0.0,0.0,50.0,0,0,0,2026-03-23 10:33:23,populate_20260317_102357,0
4934,3378,course-v1:DHQG-HCM+QTH101+2026_S1,audit,1,10.0,0.0,,,0.0,,,,0.0,0.0,0,0,,999,0.0,0,0,0,0,0,0.0,0,0.0,0,0,0,0,0,0.0,0.0,0,0.0,0.0,0,0,0,0,0,0,0,0,0.0,0.0,0.0,0.0,50.0,0,0,0,2026-03-23 10:33:23,populate_20260317_102357,0
4935,3389,course-v1:DHQG-HCM+QTH101+2026_S1,audit,1,10.0,0.0,,,0.0,,,,0.0,0.0,0,0,,999,0.0,0,0,0,0,0,0.0,0,0.0,0,0,0,0,0,0.0,0.0,0,0.0,0.0,0,0,0,0,0,0,0,0,0.0,0.0,0.0,0.0,50.0,0,0,0,2026-03-23 10:33:23,populate_20260317_102357,0
4936,3616,course-v1:DHQG-HCM+QTH101+2026_S1,audit,1,1.0,0.0,,,0.0,,,,0.0,0.0,0,0,,999,0.0,0,0,0,0,0,0.0,0,0.0,0,0,0,0,0,0.0,0.0,0,0.0,0.0,0,0,0,0,0,0,0,0,0.0,0.0,0.0,0.0,50.0,0,0,0,2026-03-23 10:33:23,populate_20260317_102357,0
4937,3706,course-v1:DHQG-HCM+QTH101+2026_S1,audit,1,6.0,0.0,,,0.0,,,,0.0,0.0,0,0,,999,0.0,0,0,0,0,0,0.0,0,0.0,0,0,0,0,0,0.0,0.0,0,0.0,0.0,0,0,0,0,0,0,0,0,0.0,0.0,0.0,0.0,50.0,0,0,0,2026-03-23 10:33:23,populate_20260317_102357,0
4938,3720,course-v1:DHQG-HCM+QTH101+2026_S1,audit,1,6.0,0.0,,,0.0,,,,0.0,0.0,0,0,,999,0.0,0,0,0,0,0,0.0,0,0.0,0,0,0,0,0,0.0,0.0,0,0.0,0.0,0,0,0,0,0,0,0,0,0.0,0.0,0.0,0.0,50.0,0,0,0,2026-03-23 10:33:23,populate_20260317_102357,0
4939,3880,course-v1:DHQG-HCM+QTH101+2026_S1,audit,1,2.0,0.0,,,0.0,,,,0.0,0.0,0,0,,999,0.0,0,0,0,0,0,0.0,0,0.0,0,0,0,0,0,0.0,0.0,0,0.0,0.0,0,0,0,0,0,0,0,0,0.0,0.0,0.0,0.0,50.0,0,0,0,2026-03-23 10:33:23,populate_20260317_102357,0
